model,seed,run_id,total_task_steps,validation_samples,mae_deg,p99_deg,max_deg,above_0_1,latency_ms,scope
four_view,42,8cb49fe9bdfd4ed59846579a1f26bb7c,15600,15000,0.0016154095160826093,0.014909802936017513,0.3381853401660919,5,14.34374999917054,same_session_angular_four_view
angular,42,eb343a76ef0c4e0a9d340a350ffd3bb1,15600,15000,0.0017526051680512296,0.016220305114984512,0.5147390961647034,6,14.173749998008134,same_session_angular_four_view
four_view,43,f1544c335983455fb7d054fdf760881b,15600,15000,0.0015057509552382953,0.013886637054383755,0.14179076254367828,3,14.565699999366188,same_session_angular_four_view
angular,43,409f1241ee884f78887416b0cc2a77fa,15600,15000,0.0016810219486746898,0.015342814847826958,0.5111274123191833,4,14.488549999441602,same_session_angular_four_view
four_view,44,63d7756761634512af62e452058e73f7,15600,15000,0.0016975846935866855,0.015719523653388023,0.5127615928649902,7,14.835549998679198,same_session_angular_four_view
angular,44,c703fdc0654d499492c58a915b1421fb,15600,15000,0.0019408302351637378,0.01653095707297325,1.0336638689041138,6,14.821650001977105,same_session_angular_four_view
previous_polar,42,75917c7888cf457a9b7c133b80595f5e,15600,15000,0.001879915524684581,0.016747770830988884,0.4261586666107178,6,,secondary_different_bf16_session
previous_polar,43,c153022f6c1f43ec82c21f335261f0af,15600,15000,0.0019973481564453666,0.018200289458036423,1.050881266593933,8,,secondary_different_bf16_session
previous_polar,44,5e5ce5dcdde7463fb10b23184f576bc9,15600,15000,0.0020718576895373715,0.01885794848203659,0.41494935750961304,11,14.64999999916472,secondary_different_bf16_session
rgb_plain,42,45d7e69f0a3a42eaa030a9a56e5dee62,15600,15000,0.032679116227405096,0.27836862206459045,2.7021515369415283,868,10.892199992667884,secondary_different_bf16_session
rgb_refinement,42,99798ed9e7d144538a7a0711abf8874c,15600,15000,0.009158913112965836,0.04132343828678131,60.44482421875,39,12.72935001179576,secondary_different_bf16_session
rgb_plain,43,ea7237fb585b40eeaf9ba6fe364d01bc,15600,15000,0.0324585521299482,0.2555699646472931,4.141962051391602,839,11.120849987491965,secondary_different_bf16_session
rgb_refinement,43,d583cde02ac949538e03360d17ec683d,15600,15000,0.005435217601342108,0.04232754185795784,3.282609462738037,39,13.806900009512901,secondary_different_bf16_session
