study,variant,model,seed,mae_deg,p99_deg,max_deg,above_0_1
symmetry-seed44-comparison,four_view,continuation,44,0.0016975846935866855,0.015719523653388023,0.5127615928649902,7
symmetry-seed44-comparison,four_view,reference,44,0.0019408302351637378,0.01653095707297325,1.0336638689041138,6
symmetry-seed44-comparison,angular,continuation,44,0.0019406513362804844,0.01664014160633087,1.0333142280578613,6
symmetry-seed44-comparison,angular,reference,44,0.0020718576895373715,0.01885794848203659,0.41494935750961304,11
geometric-refinement-comparison,,continuation,42,0.00202981898906811,0.01758369244635105,0.7736997604370117,9
geometric-refinement-comparison,,reference,42,0.0018795799674400124,0.01670772023499012,0.4267456531524658,6
geometric-refinement-comparison,,continuation,43,0.001989939272568906,0.018115464597940445,0.5900780558586121,7
geometric-refinement-comparison,,reference,43,0.0019986667589923777,0.018096257001161575,1.0532011985778809,8
fine-top4-comparison,,continuation,42,0.001911944258783774,0.01820475421845913,0.6026464104652405,6
fine-top4-comparison,,reference,42,0.0018798339582600534,0.0167449489235878,0.4261600971221924,6
fine-top4-comparison,,continuation,43,0.0019646663363792867,0.018591567873954773,1.5304685831069946,7
fine-top4-comparison,,reference,43,0.0019975222444301795,0.018200771883130074,1.0508776903152466,8
fine-stride-comparison,,continuation,42,0.0020081744437168408,0.017354058101773262,0.5888737440109253,6
fine-stride-comparison,,reference,42,0.0018794183336005139,0.01670859567821026,0.42673543095588684,6
fine-stride-comparison,,continuation,43,0.001995184706542731,0.01786799728870392,0.8468087911605835,6
fine-stride-comparison,,reference,43,0.001998797584929749,0.01809612847864628,1.0529156923294067,8
fine-stem-comparison,,continuation,42,0.0018801480813269032,0.01812152750790119,0.43090739846229553,5
fine-stem-comparison,,reference,42,0.001879879763151563,0.016774728894233704,0.4255771338939667,6
fine-stem-comparison,,continuation,43,0.0019297413072725722,0.016732990741729736,1.1048429012298584,6
fine-stem-comparison,,reference,43,0.0019968824958157614,0.018066244199872017,1.0516940355300903,8
fine-reflection-offset-comparison,,continuation,42,0.0018344415262251347,0.016926275566220284,0.6002871990203857,5
fine-reflection-offset-comparison,,reference,42,0.0018071800696037655,0.0169837549328804,0.4744280278682709,5
fine-reflection-offset-comparison,,continuation,43,0.0019587462775825203,0.017098672688007355,0.8758054375648499,4
fine-reflection-offset-comparison,,reference,43,0.0019359783552016395,0.01732438988983631,1.0798120498657227,8
fine-reflection-joint-comparison,,continuation,42,0.0019366130747540563,0.017338018864393234,1.1761022806167603,6
fine-reflection-joint-comparison,,reference,42,0.0018066011879503813,0.017075106501579285,0.47443968057632446,5
fine-reflection-joint-comparison,,continuation,43,0.0019872837381922828,0.018199710175395012,0.32682323455810547,8
fine-reflection-joint-comparison,,reference,43,0.0019358217235991883,0.017445368692278862,1.080085277557373,8
fine-reflection-comparison,,continuation,42,0.0018066776124535597,0.017078369855880737,0.4744274616241455,5
fine-reflection-comparison,,reference,42,0.0018794168822026754,0.01670859567821026,0.42673543095588684,6
fine-reflection-comparison,,continuation,43,0.0019359234330253543,0.01744573563337326,1.080040693283081,8
fine-reflection-comparison,,reference,43,0.001998800153300101,0.01809612847864628,1.0529156923294067,8
fine-radial3-comparison,,continuation,42,0.0020043873900650357,0.0177040733397007,0.39576485753059387,6
fine-radial3-comparison,,reference,42,0.0018795426476527325,0.01670774072408676,0.42673614621162415,6
fine-radial3-comparison,,continuation,43,0.002006351330400315,0.01716240867972374,1.0637506246566772,7
fine-radial3-comparison,,reference,43,0.001998870290340062,0.018096107989549637,1.0529143810272217,8
fine-improvements,seed44,continuation,44,0.0018510582155884284,0.017794588580727577,0.9194011092185974,8
fine-improvements,seed44,reference,44,0.0020717580467091287,0.018912166357040405,0.41470640897750854,11
fine-improvements,radial_attention,continuation,42,0.002000832921561427,0.017668109387159348,0.6025235056877136,8
fine-improvements,radial_attention,reference,42,0.0018794313073495004,0.01670859567821026,0.42673543095588684,6
fine-improvements,radial_attention,continuation,43,0.0020321120923599383,0.017840895801782608,1.3095802068710327,9
fine-improvements,radial_attention,reference,43,0.001998789609222918,0.01809612847864628,1.0529156923294067,8
fine-improvements,direct_rgb,continuation,42,0.0017102293638975065,0.016986219212412834,0.7122069597244263,5
fine-improvements,direct_rgb,reference,42,0.0018794313073495004,0.01670859567821026,0.42673543095588684,6
fine-improvements,direct_rgb,continuation,43,0.0018289045371783325,0.01731591485440731,1.2196108102798462,6
fine-improvements,direct_rgb,reference,43,0.001998789609222918,0.01809612847864628,1.0529156923294067,8
fine-heatmap-comparison,,continuation,42,0.004846350172926623,0.052255041897296906,0.44486215710639954,51
fine-heatmap-comparison,,reference,42,0.0018794155854950912,0.01670859567821026,0.42673543095588684,6
fine-heatmap-comparison,,continuation,43,0.004697495854864466,0.05016879737377167,0.9939807057380676,51
fine-heatmap-comparison,,reference,43,0.001998794328162857,0.01809612847864628,1.0529156923294067,8
fine-four-view-comparison,,continuation,42,0.0016154095160826093,0.014909802936017513,0.3381853401660919,5
fine-four-view-comparison,,reference,42,0.0017526051680512296,0.016220305114984512,0.5147390961647034,6
fine-four-view-comparison,,continuation,43,0.0015057509552382953,0.013886637054383755,0.14179076254367828,3
fine-four-view-comparison,,reference,43,0.0016810219486746898,0.015342814847826958,0.5111274123191833,4
fine-detail-comparison,,continuation,42,0.002014571996286128,0.018056968227028847,0.573715329170227,7
fine-detail-comparison,,reference,42,0.0018794171383161409,0.01670859567821026,0.42673543095588684,6
fine-detail-comparison,,continuation,43,0.0020555661633103513,0.017985191196203232,1.4194265604019165,10
fine-detail-comparison,,reference,43,0.0019987969463647875,0.01809612847864628,1.0529156923294067,8
fine-angular129-comparison,,continuation,42,0.001987314476123773,0.01847067102789879,0.5428293347358704,9
fine-angular129-comparison,,reference,42,0.0018795043428606096,0.01670856587588787,0.4267476499080658,6
fine-angular129-comparison,,continuation,43,0.0020882788086734896,0.01851750537753105,0.9985851049423218,10
fine-angular129-comparison,,reference,43,0.001998683354944122,0.01809633895754814,1.0532028675079346,8
fine-angular-symmetry-comparison,,continuation,42,0.0017525730002213454,0.016219351440668106,0.5147370100021362,6
fine-angular-symmetry-comparison,,reference,42,0.001879915524684581,0.016747770830988884,0.4261586666107178,6
fine-angular-symmetry-comparison,,continuation,43,0.0016808960662902108,0.015340281650424004,0.5111255049705505,4
fine-angular-symmetry-comparison,,reference,43,0.0019973481564453666,0.018200289458036423,1.050881266593933,8
feedback-comparison,routed,refinement,42,0.0020946073069313836,0.01957782916724682,0.24309158325195312,6
feedback-comparison,routed,reference,42,0.002136624608155275,0.019798556342720985,0.36585545539855957,7
feedback-comparison,routed,refinement,43,0.0025283855743237467,0.02063092775642872,4.520296573638916,11
feedback-comparison,routed,reference,43,0.0021693074280384034,0.020043781027197838,0.7543240785598755,9
feedback-comparison,gated,refinement,42,0.00472143430993099,0.01951703242957592,38.550724029541016,8
feedback-comparison,gated,reference,42,0.002136624608155275,0.019798556342720985,0.36585545539855957,7
feedback-comparison,gated,refinement,43,0.0021751188531200635,0.019607918336987495,1.4300997257232666,9
feedback-comparison,gated,reference,43,0.0021693074280384034,0.020043781027197838,0.7543240785598755,9
feedback-comparison,fixed,refinement,42,0.002157584938418728,0.01899605616927147,0.43675482273101807,8
feedback-comparison,fixed,reference,42,0.002136624608155275,0.019798556342720985,0.36585545539855957,7
feedback-comparison,fixed,refinement,43,0.0039041788229607203,0.02039303071796894,24.00494384765625,13
feedback-comparison,fixed,reference,43,0.0021693074280384034,0.020043781027197838,0.7543240785598755,9
feedback-comparison,control,refinement,42,0.002136624608155275,0.019798556342720985,0.36585545539855957,7
feedback-comparison,control,reference,42,0.0018799053726182933,0.01679805852472782,0.42673441767692566,6
feedback-comparison,control,refinement,43,0.0021693074280384034,0.020043781027197838,0.7543240785598755,9
feedback-comparison,control,reference,43,0.0019985793469696773,0.01811291091144085,1.0524784326553345,8
efficientvit-comparison,,continuation,42,0.0037284350704053187,0.019343355670571327,12.245952606201172,9
efficientvit-comparison,,reference,42,0.00187989545407216,0.016807422041893005,0.4267438054084778,6
efficientvit-comparison,,continuation,43,0.003692384014192394,0.021027393639087677,16.781160354614258,7
efficientvit-comparison,,reference,43,0.0019986837487974054,0.0181095153093338,1.0524733066558838,8
