seed,vector_charbonnier,angular_huber,smooth_l1,angular_mae,mse,best_loss
42,0.025357230828205745,0.023475397382179897,0.022888540025552115,0.03562215533653895,0.04480778121550878,smooth_l1
43,0.017024627250432967,0.01704098845422268,0.02117956977089246,0.01731537831624349,0.022784489883979162,vector_charbonnier
44,0.02419300394654274,0.024496824967861177,0.027752525464693704,0.027589869221051534,0.029994332321484882,vector_charbonnier
45,0.01777315343817075,0.020315105460087458,0.018728953393300374,0.020983241145809493,0.024194259558121364,vector_charbonnier
46,0.01695206960439682,0.015166650504867235,0.01736890699863434,0.018447044345736505,0.020244565894206364,angular_huber
47,0.025246215494473777,0.039553658537069956,0.035214791079362234,0.03303808936476708,0.035792574409643806,vector_charbonnier
48,0.024170836061239244,0.023173511217037836,0.020584120506048204,0.020037096750736238,0.04009143574237824,angular_mae
49,0.02496307042638461,0.022757751295963923,0.028121047729253768,0.024627091485261918,0.03146420097152392,angular_huber
50,0.021040544641017914,0.017450423935055734,0.026451226268212,0.019212961016098658,0.0232656496544679,angular_huber
51,0.04138980325857798,0.05088307437499364,0.04149922734101613,0.05309463370243708,0.046447835954030355,vector_charbonnier
