run_id,run_name,status,seed,split_seed,loss,best_validation_angle_mae_deg,best_step,final_validation_angle_mae_deg,final_validation_loss,final_train_angle_mae_deg,final_degenerate_fraction,duration_minutes,steps,batch_size,num_workers,precision,backbone,optimizer,learning_rate,dataset_version,dataset_meta_sha256,git_commit,git_dirty,torch_version,cuda_version,config_sha256
fec09be3c9ad469e908d1fc3c18b96bb,convnext_tiny_musgd_angular_mae,FINISHED,42,42,angular_mae,0.03562215533653895,5200,0.03562215533653895,0.0006217238776696225,0.160028133392334,0.0,16.35865,5200,32,6,bf16,convnext_tiny,musgd,0.0003,v12_background_sources_center_sprites,3028884f50665fd15c2b304d42727b7063efb7d9e86dba700bcead78ef673829,cb2c65ec2af86dba3de13511574da430c6c66026,true,2.14.0+cu130,13.0,d24d9bdc20360a617877f32496cb486e1e9ffd524ec53d97ece21e9126d175fb
32842110a8d0456a8bde5e8eb0acaec6,convnext_tiny_musgd_mse,FINISHED,42,42,mse,0.04480778121550878,5200,0.04480778121550878,3.76980318154286e-06,0.32220001220703126,0.0,15.846116666666667,5200,32,6,bf16,convnext_tiny,musgd,0.0003,v12_background_sources_center_sprites,3028884f50665fd15c2b304d42727b7063efb7d9e86dba700bcead78ef673829,cb2c65ec2af86dba3de13511574da430c6c66026,true,2.14.0+cu130,13.0,bf7e2e8cb99d8fd73b1f207ad8f550f68a6405e3c5b44291682c09bdd6df0018
b0f0089d3860498f93507022337bb513,convnext_tiny_musgd_smooth_l1,FINISHED,42,42,smooth_l1,0.022888540025552115,5200,0.022888540025552115,7.74895090944483e-06,0.08614943504333496,0.0,16.236683333333332,5200,32,6,bf16,convnext_tiny,musgd,0.0003,v12_background_sources_center_sprites,3028884f50665fd15c2b304d42727b7063efb7d9e86dba700bcead78ef673829,cb2c65ec2af86dba3de13511574da430c6c66026,true,2.14.0+cu130,13.0,ce3d6b98d640103508f667d3b991076dac7f474bf0839aff0bd2ef578c0b775a
790fe19327204363800f048e6ff8068c,convnext_tiny_musgd_vector_charbonnier,FINISHED,42,42,vector_charbonnier,0.025357230828205745,5200,0.025357230828205745,3.0528553327167176e-05,0.11381343841552734,0.0,17.3191,5200,32,6,bf16,convnext_tiny,musgd,0.0003,v12_background_sources_center_sprites,3028884f50665fd15c2b304d42727b7063efb7d9e86dba700bcead78ef673829,cb2c65ec2af86dba3de13511574da430c6c66026,true,2.14.0+cu130,13.0,dc983ecb605cb182263039506c82abe351be18b80235d4ed7916e05cbf392b44
1b60b5ed3f994e3bb4c3e67ca42a82d7,convnext_tiny_musgd_angular_huber,FINISHED,42,42,angular_huber,0.023475397382179897,5200,0.023475397382179897,0.00012828731472060707,0.07797681808471679,0.0,19.568066666666667,5200,32,6,bf16,convnext_tiny,musgd,0.0003,v12_background_sources_center_sprites,3028884f50665fd15c2b304d42727b7063efb7d9e86dba700bcead78ef673829,cb2c65ec2af86dba3de13511574da430c6c66026,true,2.14.0+cu130,13.0,a5600d76f50bb801293d322724aba47904395796e42d5efa656adeaa8326df96
b097437716ba4159940c023d70212698,convnext_tiny_musgd_mse_seed43,FINISHED,43,43,mse,0.022784489883979162,5200,0.022784489883979162,5.9917259894670376e-05,0.08398889541625977,0.0,17.32615,5200,32,6,bf16,convnext_tiny,musgd,0.0003,v12_background_sources_center_sprites,3028884f50665fd15c2b304d42727b7063efb7d9e86dba700bcead78ef673829,cb2c65ec2af86dba3de13511574da430c6c66026,true,2.14.0+cu130,13.0,fc4f1b6d23c2e07a1859acee1b9825f870e7a4d0ea3bcdfd6ca7d66e63c986de
9af2b803ea984e34bdbd86097a61b669,convnext_tiny_musgd_smooth_l1_seed43,FINISHED,43,43,smooth_l1,0.02117956977089246,5200,0.02117956977089246,6.444858929753536e-05,0.062311019897460934,0.0,17.7896,5200,32,6,bf16,convnext_tiny,musgd,0.0003,v12_background_sources_center_sprites,3028884f50665fd15c2b304d42727b7063efb7d9e86dba700bcead78ef673829,cb2c65ec2af86dba3de13511574da430c6c66026,true,2.14.0+cu130,13.0,c21e3e07979670344bb7d973af8a00dc078862953b77f500dda15b3e7d0272af
b7bf52e0811d4bf296a9c727b7b1e7cc,convnext_tiny_musgd_vector_charbonnier_seed43,FINISHED,43,43,vector_charbonnier,0.017024627250432967,5200,0.017024627250432967,4.2934617896874745e-05,0.05072945117950439,0.0,16.0749,5200,32,6,bf16,convnext_tiny,musgd,0.0003,v12_background_sources_center_sprites,3028884f50665fd15c2b304d42727b7063efb7d9e86dba700bcead78ef673829,cb2c65ec2af86dba3de13511574da430c6c66026,true,2.14.0+cu130,13.0,0719e53570a3074bec54c78c43eac5c827a6c330095b01d979eb6a055e741414
281ead2bb0134b188b95bb8937350934,convnext_tiny_musgd_angular_mae_seed43,FINISHED,43,43,angular_mae,0.01731537831624349,5200,0.01731537831624349,0.00030221035983413457,0.04391516208648682,0.0,16.706783333333334,5200,32,6,bf16,convnext_tiny,musgd,0.0003,v12_background_sources_center_sprites,3028884f50665fd15c2b304d42727b7063efb7d9e86dba700bcead78ef673829,cb2c65ec2af86dba3de13511574da430c6c66026,true,2.14.0+cu130,13.0,5cf133431292a8087db9917e6697caafe45c2a411e0e80cacf69715e3b24c001
369b4e06d97a4e48b5ff18391883e336,convnext_tiny_musgd_angular_huber_seed43,FINISHED,43,43,angular_huber,0.01704098845422268,5200,0.01704098845422268,0.00010168452807314073,0.0362209939956665,0.0,16.185783333333333,5200,32,6,bf16,convnext_tiny,musgd,0.0003,v12_background_sources_center_sprites,3028884f50665fd15c2b304d42727b7063efb7d9e86dba700bcead78ef673829,cb2c65ec2af86dba3de13511574da430c6c66026,true,2.14.0+cu130,13.0,09f853a97f1a8074dc6327ae76c8ca1165e22448e6fb1769f9b1b6b4765e4cfe
d71011ba6fea482c91a45de38ac8136d,convnext_tiny_musgd_mse_seed44,FINISHED,44,44,mse,0.029994332321484882,5200,0.029994332321484882,0.00013111214299644112,0.09188338279724122,0.0,16.714566666666666,5200,32,6,bf16,convnext_tiny,musgd,0.0003,v12_background_sources_center_sprites,3028884f50665fd15c2b304d42727b7063efb7d9e86dba700bcead78ef673829,cb2c65ec2af86dba3de13511574da430c6c66026,true,2.14.0+cu130,13.0,19272b000e6d2e587e27efed41f6282e320d30e0def0744ac267ca2c06cd91eb
73e14394494849a7a5c5fdd57ad2c9b7,convnext_tiny_musgd_smooth_l1_seed44,FINISHED,44,44,smooth_l1,0.027752525464693704,5200,0.027752525464693704,7.606460501719994e-05,0.0793827724456787,0.0,16.633883333333333,5200,32,6,bf16,convnext_tiny,musgd,0.0003,v12_background_sources_center_sprites,3028884f50665fd15c2b304d42727b7063efb7d9e86dba700bcead78ef673829,cb2c65ec2af86dba3de13511574da430c6c66026,true,2.14.0+cu130,13.0,4d0a88026b21d7a89bed3e6af1321045327074188a08a650ba473b49a7798b13
cff9663d19314952aea7ddb088b809cb,convnext_tiny_musgd_vector_charbonnier_seed44,FINISHED,44,44,vector_charbonnier,0.02419300394654274,5200,0.02419300394654274,0.00013378648906946182,0.057224979400634764,0.0,16.5096,5200,32,6,bf16,convnext_tiny,musgd,0.0003,v12_background_sources_center_sprites,3028884f50665fd15c2b304d42727b7063efb7d9e86dba700bcead78ef673829,cb2c65ec2af86dba3de13511574da430c6c66026,true,2.14.0+cu130,13.0,c537d6c2fb86827ff19ccb8c0bc181c08b6b04e11190d49323416687bb4ba247
65cb6fa55c5a485b9563b5dfb6475ac6,convnext_tiny_musgd_angular_mae_seed44,FINISHED,44,44,angular_mae,0.027589869221051534,5200,0.027589869221051534,0.0004815340514915685,0.06803781509399415,0.0,16.55125,5200,32,6,bf16,convnext_tiny,musgd,0.0003,v12_background_sources_center_sprites,3028884f50665fd15c2b304d42727b7063efb7d9e86dba700bcead78ef673829,cb2c65ec2af86dba3de13511574da430c6c66026,true,2.14.0+cu130,13.0,1aa77751dfaff5817735be51b24231e62cfdb37aa1ef3c68c5a10cd3745b03c9
3004c94fa54b4e18ba6532cab2bd1a9d,convnext_tiny_musgd_angular_huber_seed44,FINISHED,44,44,angular_huber,0.024496824967861177,5200,0.024496824967861177,0.00018278183221894626,0.05267719268798828,0.0,16.5458,5200,32,6,bf16,convnext_tiny,musgd,0.0003,v12_background_sources_center_sprites,3028884f50665fd15c2b304d42727b7063efb7d9e86dba700bcead78ef673829,cb2c65ec2af86dba3de13511574da430c6c66026,true,2.14.0+cu130,13.0,83bb87eb09babf479884df38765837858449c801abd07269661718fc7315b6c8
7b6083cd53c04618babcda65867e8c4a,convnext_tiny_musgd_mse_seed45,FINISHED,45,45,mse,0.024194259558121364,5200,0.024194259558121364,1.7955206403409345e-06,0.07987945556640624,0.0,16.4614,5200,32,6,bf16,convnext_tiny,musgd,0.0003,v12_background_sources_center_sprites,3028884f50665fd15c2b304d42727b7063efb7d9e86dba700bcead78ef673829,cb2c65ec2af86dba3de13511574da430c6c66026,true,2.14.0+cu130,13.0,29cff875ebb12a0fd26939583e04391bfc47a90556afcfdf22c5bff79e9941b7
98bdd51f567d4dadb70590e278084524,convnext_tiny_musgd_smooth_l1_seed45,FINISHED,45,45,smooth_l1,0.018728953393300374,5200,0.018728953393300374,2.0905711640807566e-05,0.048448710441589354,0.0,16.630466666666667,5200,32,6,bf16,convnext_tiny,musgd,0.0003,v12_background_sources_center_sprites,3028884f50665fd15c2b304d42727b7063efb7d9e86dba700bcead78ef673829,cb2c65ec2af86dba3de13511574da430c6c66026,true,2.14.0+cu130,13.0,7516da76adf09e3347a8027813f7256e3b92cc0c7d79d51475585741352dff5a
026e882a99524f4caad3cb8a3bb34548,convnext_tiny_musgd_vector_charbonnier_seed45,FINISHED,45,45,vector_charbonnier,0.01777315343817075,5200,0.01777315343817075,3.469146986826672e-05,0.04347491264343262,0.0,16.652566666666665,5200,32,6,bf16,convnext_tiny,musgd,0.0003,v12_background_sources_center_sprites,3028884f50665fd15c2b304d42727b7063efb7d9e86dba700bcead78ef673829,cb2c65ec2af86dba3de13511574da430c6c66026,true,2.14.0+cu130,13.0,cd76957b79f331b3841957249d69afcc9d2a308c2359c3fd0dcf0c629f0467c3
76e7b0e28484457a90bfac1b63ed798e,convnext_tiny_musgd_angular_mae_seed45,FINISHED,45,45,angular_mae,0.020983241145809493,5200,0.020983241145809493,0.0003662266258926441,0.03560649156570435,0.0,16.91755,5200,32,6,bf16,convnext_tiny,musgd,0.0003,v12_background_sources_center_sprites,3028884f50665fd15c2b304d42727b7063efb7d9e86dba700bcead78ef673829,cb2c65ec2af86dba3de13511574da430c6c66026,true,2.14.0+cu130,13.0,b8a6b811b07eef6f45846e32584bda64ee5b8da1599e351650dc12f25fc8d7f0
c593a28107e241a8b6d5bb0954a782c5,convnext_tiny_musgd_angular_huber_seed45,FINISHED,45,45,angular_huber,0.020315105460087458,5200,0.020315105460087458,0.00015987294304844302,0.033008241653442384,0.0,16.392983333333333,5200,32,6,bf16,convnext_tiny,musgd,0.0003,v12_background_sources_center_sprites,3028884f50665fd15c2b304d42727b7063efb7d9e86dba700bcead78ef673829,cb2c65ec2af86dba3de13511574da430c6c66026,true,2.14.0+cu130,13.0,2cfb9a5429fc75d245846cf1b00a2d388bcb3878d3b9b19c3ecd9cbf81f6ba05
66ed9a671c9e41f39184020a5e213734,convnext_tiny_musgd_mse_seed46,FINISHED,46,46,mse,0.020244565894206364,5200,0.020244565894206364,7.781283943889624e-07,0.08414971351623535,0.0,15.760366666666666,5200,32,6,bf16,convnext_tiny,musgd,0.0003,v12_background_sources_center_sprites,3028884f50665fd15c2b304d42727b7063efb7d9e86dba700bcead78ef673829,cb2c65ec2af86dba3de13511574da430c6c66026,true,2.14.0+cu130,13.0,978c2eff7c522ef6f4b35421b9158a7a1edc3011ae811860a3d0c4c26d944394
146970e58ad045ceb131f8c848a0db44,convnext_tiny_musgd_smooth_l1_seed46,FINISHED,46,46,smooth_l1,0.01736890699863434,5200,0.01736890699863434,4.917427901515718e-06,0.0630003547668457,0.0,15.370766666666666,5200,32,6,bf16,convnext_tiny,musgd,0.0003,v12_background_sources_center_sprites,3028884f50665fd15c2b304d42727b7063efb7d9e86dba700bcead78ef673829,cb2c65ec2af86dba3de13511574da430c6c66026,true,2.14.0+cu130,13.0,524a54bbaf101b56b0c319aecb072050109d47cdae679bae7878a4c7e61e78e2
0d440070a5fc49b1bea8303b3e7c30dd,convnext_tiny_musgd_vector_charbonnier_seed46,FINISHED,46,46,vector_charbonnier,0.01695206960439682,5200,0.01695206960439682,1.0660616557045917e-05,0.05410611629486084,0.0,15.3778,5200,32,6,bf16,convnext_tiny,musgd,0.0003,v12_background_sources_center_sprites,3028884f50665fd15c2b304d42727b7063efb7d9e86dba700bcead78ef673829,cb2c65ec2af86dba3de13511574da430c6c66026,true,2.14.0+cu130,13.0,d8bd2de32064122010ef49f17942fb788e5b8f0f77b3ede925f2cfd9e17d8c63
a6c8c097a05f428b95a6a6ff50f96197,convnext_tiny_musgd_angular_mae_seed46,FINISHED,46,46,angular_mae,0.018447044345736505,5200,0.018447044345736505,0.00032196165731487175,0.04719496726989746,0.0,15.463233333333333,5200,32,6,bf16,convnext_tiny,musgd,0.0003,v12_background_sources_center_sprites,3028884f50665fd15c2b304d42727b7063efb7d9e86dba700bcead78ef673829,cb2c65ec2af86dba3de13511574da430c6c66026,true,2.14.0+cu130,13.0,8fde7757d7878bda6949a55c0d1a9845faa0d12f8ab9af3c6881269a4786f9d2
6f30cd5ee79e4ac988a3ff3fb6233867,convnext_tiny_musgd_angular_huber_seed46,FINISHED,46,46,angular_huber,0.015166650504867235,5200,0.015166650504867235,7.668245495879092e-05,0.03873337984085083,0.0,15.48075,5200,32,6,bf16,convnext_tiny,musgd,0.0003,v12_background_sources_center_sprites,3028884f50665fd15c2b304d42727b7063efb7d9e86dba700bcead78ef673829,cb2c65ec2af86dba3de13511574da430c6c66026,true,2.14.0+cu130,13.0,5ff27d0beb04a1df3c3ba836905840f4473b5ff32dcaf3c8dcbcd0816eee30bf
f42215c4a58744c588c42a6e319330c2,convnext_tiny_musgd_mse_seed47,FINISHED,47,47,mse,0.035792574409643806,5200,0.035792574409643806,3.283715760941656e-06,0.19155715942382812,0.0,15.37005,5200,32,6,bf16,convnext_tiny,musgd,0.0003,v12_background_sources_center_sprites,3028884f50665fd15c2b304d42727b7063efb7d9e86dba700bcead78ef673829,cb2c65ec2af86dba3de13511574da430c6c66026,true,2.14.0+cu130,13.0,447bf015a146aa24145fb08924dcf47b7b2afbab17f07b2404fa59312b6fccc7
b134c8f6064a4b1eb8e755f391ebfe4a,convnext_tiny_musgd_smooth_l1_seed47,FINISHED,47,47,smooth_l1,0.035214791079362234,5200,0.035214791079362234,0.00011474408135545673,0.13576114654541016,0.0,15.394166666666667,5200,32,6,bf16,convnext_tiny,musgd,0.0003,v12_background_sources_center_sprites,3028884f50665fd15c2b304d42727b7063efb7d9e86dba700bcead78ef673829,cb2c65ec2af86dba3de13511574da430c6c66026,true,2.14.0+cu130,13.0,dd73d25a06443290c5d9ab9ee06a10c092bac1b606d1b5fc70f514009d63fe0f
e26dca45180f409e9372909d0c74156e,convnext_tiny_musgd_vector_charbonnier_seed47,FINISHED,47,47,vector_charbonnier,0.025246215494473777,5200,0.025246215494473777,7.2724949816984e-05,0.09158031463623047,0.0,16.615683333333333,5200,32,6,bf16,convnext_tiny,musgd,0.0003,v12_background_sources_center_sprites,3028884f50665fd15c2b304d42727b7063efb7d9e86dba700bcead78ef673829,cb2c65ec2af86dba3de13511574da430c6c66026,true,2.14.0+cu130,13.0,aecb02a23571875d2e6a9d074c9f153b5e2c8b7808bc07cfbe32bb114d2c7803
a3692279039744e7bae3f013ae153768,convnext_tiny_musgd_angular_mae_seed47,FINISHED,47,47,angular_mae,0.03303808936476708,5200,0.03303808936476708,0.0005766234183683991,0.09049919128417969,0.0,16.429883333333333,5200,32,6,bf16,convnext_tiny,musgd,0.0003,v12_background_sources_center_sprites,3028884f50665fd15c2b304d42727b7063efb7d9e86dba700bcead78ef673829,cb2c65ec2af86dba3de13511574da430c6c66026,true,2.14.0+cu130,13.0,63dfa637c8953864b4c03fcc73ef65d49cfaaf5e035aa4c9e7495f6b6cab47b9
cb647e00e1594ae6884e092a12d0d679,convnext_tiny_musgd_angular_huber_seed47,FINISHED,47,47,angular_huber,0.039553658537069956,5200,0.039553658537069956,0.0003287224878867467,0.15844258308410644,0.0,16.898333333333333,5200,32,6,bf16,convnext_tiny,musgd,0.0003,v12_background_sources_center_sprites,3028884f50665fd15c2b304d42727b7063efb7d9e86dba700bcead78ef673829,cb2c65ec2af86dba3de13511574da430c6c66026,true,2.14.0+cu130,13.0,015275d7fb1d1b7ada9e2dc8345f7c9922ffb841fc747689238a68be19b4f166
bf6a14b976a24549a372fbe9aaadce96,convnext_tiny_musgd_mse_seed48,FINISHED,48,48,mse,0.04009143574237824,5200,0.04009143574237824,3.152077920397763e-06,0.322518310546875,0.0,16.771766666666668,5200,32,6,bf16,convnext_tiny,musgd,0.0003,v12_background_sources_center_sprites,3028884f50665fd15c2b304d42727b7063efb7d9e86dba700bcead78ef673829,cb2c65ec2af86dba3de13511574da430c6c66026,true,2.14.0+cu130,13.0,0e46627d08e8bb0e6a3cf04c8e5f535bc70f3d902eb6596e7df08414a4ead890
434b49ea35734df1838f7622f604c444,convnext_tiny_musgd_smooth_l1_seed48,FINISHED,48,48,smooth_l1,0.020584120506048204,5200,0.020584120506048204,7.790102446657934e-06,0.07358605384826661,0.0,16.362383333333334,5200,32,6,bf16,convnext_tiny,musgd,0.0003,v12_background_sources_center_sprites,3028884f50665fd15c2b304d42727b7063efb7d9e86dba700bcead78ef673829,cb2c65ec2af86dba3de13511574da430c6c66026,true,2.14.0+cu130,13.0,d4bfa8cce739c0e56427a38fd721c1cf80bae5d369e50832fc940c95aedb77b2
00da8b46b77647608cad10188e101697,convnext_tiny_musgd_vector_charbonnier_seed48,FINISHED,48,48,vector_charbonnier,0.024170836061239244,5200,0.024170836061239244,1.1582185328006744e-05,0.11674715042114257,0.0,16.347516666666667,5200,32,6,bf16,convnext_tiny,musgd,0.0003,v12_background_sources_center_sprites,3028884f50665fd15c2b304d42727b7063efb7d9e86dba700bcead78ef673829,cb2c65ec2af86dba3de13511574da430c6c66026,true,2.14.0+cu130,13.0,f54f4fb679f9de5b3142c394453662271aa7927ddd1af9af0ce01bea7495a7bb
019d2fc3a96d46d7bb2b3dca00cfbba2,convnext_tiny_musgd_angular_mae_seed48,FINISHED,48,48,angular_mae,0.020037096750736238,5200,0.020037096750736238,0.0003497133031177024,0.10131603240966797,0.0,16.43205,5200,32,6,bf16,convnext_tiny,musgd,0.0003,v12_background_sources_center_sprites,3028884f50665fd15c2b304d42727b7063efb7d9e86dba700bcead78ef673829,cb2c65ec2af86dba3de13511574da430c6c66026,true,2.14.0+cu130,13.0,9e2ff6a8df8258e5bbec080488c78f52bc3c16a6247d04dac7720bef80ffc47f
a67c092b6ee5483691a1eef3a4d67c64,convnext_tiny_musgd_angular_huber_seed48,FINISHED,48,48,angular_huber,0.023173511217037836,5200,0.023173511217037836,0.00011801635912852362,0.09974518775939942,0.0,16.369016666666667,5200,32,6,bf16,convnext_tiny,musgd,0.0003,v12_background_sources_center_sprites,3028884f50665fd15c2b304d42727b7063efb7d9e86dba700bcead78ef673829,cb2c65ec2af86dba3de13511574da430c6c66026,true,2.14.0+cu130,13.0,1475969932e2271357a9589ecba6c3e9d118144f1ee015388aaf9f45ad81ab5c
073511f6c72e4482857429c18eea170c,convnext_tiny_musgd_mse_seed49,FINISHED,49,49,mse,0.03146420097152392,5200,0.03146420097152392,0.00014632146076516315,0.1077730655670166,0.0,16.436316666666666,5200,32,6,bf16,convnext_tiny,musgd,0.0003,v12_background_sources_center_sprites,3028884f50665fd15c2b304d42727b7063efb7d9e86dba700bcead78ef673829,cb2c65ec2af86dba3de13511574da430c6c66026,true,2.14.0+cu130,13.0,17a7a9621d227036800285ae674d2e2a68597bd7abdfb7113136de1813679fa2
acde01036e2d4fb398f9001cba302f68,convnext_tiny_musgd_smooth_l1_seed49,FINISHED,49,49,smooth_l1,0.028121047729253768,5200,0.028121047729253768,0.00012335803292219983,0.07895835876464843,0.0,16.267083333333332,5200,32,6,bf16,convnext_tiny,musgd,0.0003,v12_background_sources_center_sprites,3028884f50665fd15c2b304d42727b7063efb7d9e86dba700bcead78ef673829,cb2c65ec2af86dba3de13511574da430c6c66026,true,2.14.0+cu130,13.0,d04b56fcdab2600068181fd161e98c281b8942bafe013e190d950eee3ce75f00
6806f6cd0d6e461d9855ebad4ed0056e,convnext_tiny_musgd_vector_charbonnier_seed49,FINISHED,49,49,vector_charbonnier,0.02496307042638461,5200,0.02496307042638461,0.00017317078212921236,0.06452660083770752,0.0,16.34798333333333,5200,32,6,bf16,convnext_tiny,musgd,0.0003,v12_background_sources_center_sprites,3028884f50665fd15c2b304d42727b7063efb7d9e86dba700bcead78ef673829,cb2c65ec2af86dba3de13511574da430c6c66026,true,2.14.0+cu130,13.0,d25ba8eec99852c53b4177268347c0fefd1727caa91b40cdac7839dce663d36b
c657511512aa4721bd09d0afb2797418,convnext_tiny_musgd_angular_mae_seed49,FINISHED,49,49,angular_mae,0.024627091485261918,5200,0.024627091485261918,0.0004298238310962915,0.05326594829559326,0.0,16.969166666666666,5200,32,6,bf16,convnext_tiny,musgd,0.0003,v12_background_sources_center_sprites,3028884f50665fd15c2b304d42727b7063efb7d9e86dba700bcead78ef673829,cb2c65ec2af86dba3de13511574da430c6c66026,true,2.14.0+cu130,13.0,94bdf474e8bdad498c4ed8e0f1e13d17848ef9a545572b6677b77dfe44ef84f7
3522ce0260b0443f84ffdce3fd469d1a,convnext_tiny_musgd_angular_huber_seed49,FINISHED,49,49,angular_huber,0.022757751295963923,5200,0.022757751295963923,0.00018326358301177,0.049561471939086915,0.0,16.6143,5200,32,6,bf16,convnext_tiny,musgd,0.0003,v12_background_sources_center_sprites,3028884f50665fd15c2b304d42727b7063efb7d9e86dba700bcead78ef673829,cb2c65ec2af86dba3de13511574da430c6c66026,true,2.14.0+cu130,13.0,b9920d082d8e30700f00bbfe7acf499d4e884357cef6792be3e917698b62e590
cf414e165c364ee08fb6b01d9a050372,convnext_tiny_musgd_mse_seed50,FINISHED,50,50,mse,0.0232656496544679,5200,0.0232656496544679,3.629928638262451e-05,0.08549467086791993,0.0,16.128716666666666,5200,32,6,bf16,convnext_tiny,musgd,0.0003,v12_background_sources_center_sprites,3028884f50665fd15c2b304d42727b7063efb7d9e86dba700bcead78ef673829,cb2c65ec2af86dba3de13511574da430c6c66026,true,2.14.0+cu130,13.0,33128013150533ce43dfba947aaaf435783740b79dda73ba0fb4d26ef9ac66dc
d7149bc740534fddb99fc5a1c6f05cbc,convnext_tiny_musgd_smooth_l1_seed50,FINISHED,50,50,smooth_l1,0.026451226268212,5200,0.026451226268212,0.00011106548148212217,0.06379703044891358,0.0,16.274566666666665,5200,32,6,bf16,convnext_tiny,musgd,0.0003,v12_background_sources_center_sprites,3028884f50665fd15c2b304d42727b7063efb7d9e86dba700bcead78ef673829,cb2c65ec2af86dba3de13511574da430c6c66026,true,2.14.0+cu130,13.0,519df768ea93ee922bafc9730f3177cf4d599117ae4a36da8722753d62e376c9
89189cca532a493d89b0ed815e6af588,convnext_tiny_musgd_vector_charbonnier_seed50,FINISHED,50,50,vector_charbonnier,0.021040544641017914,5200,0.021040544641017914,6.732266644661043e-05,0.05818291664123535,0.0,16.141233333333332,5200,32,6,bf16,convnext_tiny,musgd,0.0003,v12_background_sources_center_sprites,3028884f50665fd15c2b304d42727b7063efb7d9e86dba700bcead78ef673829,cb2c65ec2af86dba3de13511574da430c6c66026,true,2.14.0+cu130,13.0,f5b67ce9e0edc2cf973150bd8bf8749616397904cabc650e98a5208f099f4e4b
d7a2bceeda9d4b7191bbda2a9416192c,convnext_tiny_musgd_angular_mae_seed50,FINISHED,50,50,angular_mae,0.019212961016098658,5200,0.019212961016098658,0.00033532942878082393,0.050887832641601564,0.0,16.581433333333333,5200,32,6,bf16,convnext_tiny,musgd,0.0003,v12_background_sources_center_sprites,3028884f50665fd15c2b304d42727b7063efb7d9e86dba700bcead78ef673829,cb2c65ec2af86dba3de13511574da430c6c66026,true,2.14.0+cu130,13.0,d6dd4dccea595c5aef0a47d4b5d9bb6d05ad529fafe44a21db4c5ca34674497f
3e8d0951e83d430e91186c5fbe2142ec,convnext_tiny_musgd_angular_huber_seed50,FINISHED,50,50,angular_huber,0.017450423935055734,5200,0.017450423935055734,0.00010204212389459524,0.04267613410949707,0.0,16.336316666666665,5200,32,6,bf16,convnext_tiny,musgd,0.0003,v12_background_sources_center_sprites,3028884f50665fd15c2b304d42727b7063efb7d9e86dba700bcead78ef673829,cb2c65ec2af86dba3de13511574da430c6c66026,true,2.14.0+cu130,13.0,e80902564c508114c4a663847df3d15820eeb40fa86194a7611965bb333c9f22
e74be80c4b4349dea236b797dcf0a9e9,convnext_tiny_musgd_mse_seed51,FINISHED,51,51,mse,0.046447835954030355,5200,0.046447835954030355,4.635191398119787e-06,0.31668365478515625,0.0,16.608716666666666,5200,32,6,bf16,convnext_tiny,musgd,0.0003,v12_background_sources_center_sprites,3028884f50665fd15c2b304d42727b7063efb7d9e86dba700bcead78ef673829,cb2c65ec2af86dba3de13511574da430c6c66026,true,2.14.0+cu130,13.0,f33f4fc26104f8030c88f93fa5eb6936fed3615b3f4b8ad8747ffa8c945ecf53
1cbcf5e89c11442fb55326a3708ed109,convnext_tiny_musgd_smooth_l1_seed51,FINISHED,51,51,smooth_l1,0.04149922734101613,5200,0.04149922734101613,8.596507539162607e-05,0.2548008155822754,0.0,16.633133333333333,5200,32,6,bf16,convnext_tiny,musgd,0.0003,v12_background_sources_center_sprites,3028884f50665fd15c2b304d42727b7063efb7d9e86dba700bcead78ef673829,cb2c65ec2af86dba3de13511574da430c6c66026,true,2.14.0+cu130,13.0,96230fe581426cb89a8564b589655090587a8d299825514fb242c4ed366fdf09
6e058927e45c446692d4937eb5855424,convnext_tiny_musgd_vector_charbonnier_seed51,FINISHED,51,51,vector_charbonnier,0.04138980325857798,5200,0.04138980325857798,0.00015781863431135813,0.23819862365722655,0.0,17.29805,5200,32,6,bf16,convnext_tiny,musgd,0.0003,v12_background_sources_center_sprites,3028884f50665fd15c2b304d42727b7063efb7d9e86dba700bcead78ef673829,cb2c65ec2af86dba3de13511574da430c6c66026,true,2.14.0+cu130,13.0,018c1635266fbaf7d2f0bd89a3508ea183f71f7d1cc251686323f870a1d3aaf3
3e7075cb9b7240dca1fc9e0e45bd645a,convnext_tiny_musgd_angular_mae_seed51,FINISHED,51,51,angular_mae,0.05309463370243708,5200,0.05309463370243708,0.0009266761862362424,0.27892011642456055,0.0,16.941516666666665,5200,32,6,bf16,convnext_tiny,musgd,0.0003,v12_background_sources_center_sprites,3028884f50665fd15c2b304d42727b7063efb7d9e86dba700bcead78ef673829,cb2c65ec2af86dba3de13511574da430c6c66026,true,2.14.0+cu130,13.0,cbd10c6fded97ad06fab9e7e6d3c3dcb246413c567bcadf93c293698a951e4c3
c8c8425706e84986aaf15f070007701e,convnext_tiny_musgd_angular_huber_seed51,FINISHED,51,51,angular_huber,0.05088307437499364,5200,0.05088307437499364,0.00042517284732311963,0.2939842987060547,0.0,16.24885,5200,32,6,bf16,convnext_tiny,musgd,0.0003,v12_background_sources_center_sprites,3028884f50665fd15c2b304d42727b7063efb7d9e86dba700bcead78ef673829,cb2c65ec2af86dba3de13511574da430c6c66026,true,2.14.0+cu130,13.0,c40ab4c2e57df41b36c6ff9b1500b609666fab5fc22a1492a35beabd623cb9fa
