"order","optimizer","trial","config","run_name"
"1","adamw","reference","configs/experiments/optimizer_sweep_seed43/adamw_reference.yaml","convnext_tiny_optimizer_search_seed43_adamw_reference"
"2","muon_adamw","reference","configs/experiments/optimizer_sweep_seed43/muon_adamw_reference.yaml","convnext_tiny_optimizer_search_seed43_muon_adamw_reference"
"3","musgd","reference","configs/experiments/optimizer_sweep_seed43/musgd_reference.yaml","convnext_tiny_optimizer_search_seed43_musgd_reference"
"4","adamw","lr1e-4","configs/experiments/optimizer_sweep_seed43/adamw_lr1e-4.yaml","convnext_tiny_optimizer_search_seed43_adamw_lr1e-4"
"5","muon_adamw","muon_lr1e-2","configs/experiments/optimizer_sweep_seed43/muon_adamw_muon_lr1e-2.yaml","convnext_tiny_optimizer_search_seed43_muon_adamw_muon_lr1e-2"
"6","musgd","lr1e-4","configs/experiments/optimizer_sweep_seed43/musgd_lr1e-4.yaml","convnext_tiny_optimizer_search_seed43_musgd_lr1e-4"
"7","muon_adamw","adamw_lr1e-4","configs/experiments/optimizer_sweep_seed43/muon_adamw_adamw_lr1e-4.yaml","convnext_tiny_optimizer_search_seed43_muon_adamw_adamw_lr1e-4"
"8","musgd","lr6e-4","configs/experiments/optimizer_sweep_seed43/musgd_lr6e-4.yaml","convnext_tiny_optimizer_search_seed43_musgd_lr6e-4"
"9","adamw","lr2e-4","configs/experiments/optimizer_sweep_seed43/adamw_lr2e-4.yaml","convnext_tiny_optimizer_search_seed43_adamw_lr2e-4"
"10","musgd","lr1e-3","configs/experiments/optimizer_sweep_seed43/musgd_lr1e-3.yaml","convnext_tiny_optimizer_search_seed43_musgd_lr1e-3"
"11","adamw","lr6e-4","configs/experiments/optimizer_sweep_seed43/adamw_lr6e-4.yaml","convnext_tiny_optimizer_search_seed43_adamw_lr6e-4"
"12","muon_adamw","muon_lr4e-2","configs/experiments/optimizer_sweep_seed43/muon_adamw_muon_lr4e-2.yaml","convnext_tiny_optimizer_search_seed43_muon_adamw_muon_lr4e-2"
"13","adamw","lr1e-3","configs/experiments/optimizer_sweep_seed43/adamw_lr1e-3.yaml","convnext_tiny_optimizer_search_seed43_adamw_lr1e-3"
"14","muon_adamw","adamw_lr6e-4","configs/experiments/optimizer_sweep_seed43/muon_adamw_adamw_lr6e-4.yaml","convnext_tiny_optimizer_search_seed43_muon_adamw_adamw_lr6e-4"
"15","musgd","wd1e-2","configs/experiments/optimizer_sweep_seed43/musgd_wd1e-2.yaml","convnext_tiny_optimizer_search_seed43_musgd_wd1e-2"
"16","muon_adamw","muon_wd0","configs/experiments/optimizer_sweep_seed43/muon_adamw_muon_wd0.yaml","convnext_tiny_optimizer_search_seed43_muon_adamw_muon_wd0"
"17","musgd","wd5e-2","configs/experiments/optimizer_sweep_seed43/musgd_wd5e-2.yaml","convnext_tiny_optimizer_search_seed43_musgd_wd5e-2"
"18","adamw","wd0","configs/experiments/optimizer_sweep_seed43/adamw_wd0.yaml","convnext_tiny_optimizer_search_seed43_adamw_wd0"
"19","musgd","momentum0p90","configs/experiments/optimizer_sweep_seed43/musgd_momentum0p90.yaml","convnext_tiny_optimizer_search_seed43_musgd_momentum0p90"
"20","adamw","wd2p5e-2","configs/experiments/optimizer_sweep_seed43/adamw_wd2p5e-2.yaml","convnext_tiny_optimizer_search_seed43_adamw_wd2p5e-2"
"21","muon_adamw","muon_wd5e-2","configs/experiments/optimizer_sweep_seed43/muon_adamw_muon_wd5e-2.yaml","convnext_tiny_optimizer_search_seed43_muon_adamw_muon_wd5e-2"
"22","adamw","wd5e-2","configs/experiments/optimizer_sweep_seed43/adamw_wd5e-2.yaml","convnext_tiny_optimizer_search_seed43_adamw_wd5e-2"
"23","muon_adamw","adamw_wd0","configs/experiments/optimizer_sweep_seed43/muon_adamw_adamw_wd0.yaml","convnext_tiny_optimizer_search_seed43_muon_adamw_adamw_wd0"
"24","musgd","momentum0p98","configs/experiments/optimizer_sweep_seed43/musgd_momentum0p98.yaml","convnext_tiny_optimizer_search_seed43_musgd_momentum0p98"
"25","muon_adamw","adamw_wd2p5e-2","configs/experiments/optimizer_sweep_seed43/muon_adamw_adamw_wd2p5e-2.yaml","convnext_tiny_optimizer_search_seed43_muon_adamw_adamw_wd2p5e-2"
"26","musgd","blend0p5_0p5","configs/experiments/optimizer_sweep_seed43/musgd_blend0p5_0p5.yaml","convnext_tiny_optimizer_search_seed43_musgd_blend0p5_0p5"
"27","adamw","beta2_0p99","configs/experiments/optimizer_sweep_seed43/adamw_beta2_0p99.yaml","convnext_tiny_optimizer_search_seed43_adamw_beta2_0p99"
"28","adamw","interaction_lr6e-4_wd2p5e-2_beta2_0p99","configs/experiments/optimizer_sweep_seed43/adamw_interaction_lr6e-4_wd2p5e-2_beta2_0p99.yaml","convnext_tiny_optimizer_search_seed43_adamw_interaction_lr6e-4_wd2p5e-2_beta2_0p99"
"29","muon_adamw","beta2_0p99","configs/experiments/optimizer_sweep_seed43/muon_adamw_beta2_0p99.yaml","convnext_tiny_optimizer_search_seed43_muon_adamw_beta2_0p99"
"30","musgd","ultralytics_blend0p2_1","configs/experiments/optimizer_sweep_seed43/musgd_ultralytics_blend0p2_1.yaml","convnext_tiny_optimizer_search_seed43_musgd_ultralytics_blend0p2_1"
