optimizer,trial,seed42_best_val_mae_deg,seed43_best_val_mae_deg,mean_best_val_mae_deg,seed43_minus_seed42_deg,seed42_best_step,seed43_best_step
adamw,beta2_0p99,0.027421461073557536,0.029252602452039717,0.02833703176279863,0.001831141378482181,5200,5200
adamw,lr1e-4,0.030105528150002163,0.027928736092646917,0.02901713212132454,-0.002176792057355246,5200,5200
adamw,lr2e-4,0.033226762811342875,0.032245991734663644,0.032736377273003256,-0.0009807710766792307,5200,5200
adamw,reference,0.035622436408201855,0.04102408706744512,0.03832326173782349,0.005401650659243265,5200,5200
adamw,wd0,0.03442006456454595,0.04457186915477117,0.03949596685965856,0.010151804590225216,5200,5200
adamw,wd5e-2,0.03534127975702286,0.04912623058954875,0.0422337551732858,0.013784950832525893,5200,5200
adamw,wd2p5e-2,0.042182771146297454,0.04523433388471603,0.043708552515506746,0.003051562738418577,5200,5200
adamw,interaction_lr6e-4_wd2p5e-2_beta2_0p99,0.048632050188382465,0.04542612319787343,0.04702908669312795,-0.0032059269905090337,5200,5200
adamw,lr6e-4,0.06483622664610544,44.84981266682943,22.45732444673777,44.78497644018332,5200,1300
adamw,lr1e-3,44.88389315592448,45.27655461832682,45.080223887125655,0.39266146240233724,5200,1300
muon_adamw,muon_wd0,0.0271367888490359,0.036518254125118256,0.03182752148707708,0.009381465276082357,5200,5200
muon_adamw,muon_wd5e-2,0.036123095258076984,0.03838897581100464,0.03725603553454081,0.002265880552927653,5200,5200
muon_adamw,muon_lr1e-2,0.04407642903725306,0.03176570008993149,0.037921064563592274,-0.012310728947321575,5200,5200
muon_adamw,beta2_0p99,0.039103914892673494,0.048348071857293444,0.043725993374983466,0.00924415696461995,5200,5200
muon_adamw,reference,0.04990538769960404,0.03831135178407033,0.04410836974183718,-0.011594035915533707,5200,5200
muon_adamw,adamw_wd2p5e-2,0.04396082971096039,0.04552087139685949,0.04474085055390994,0.0015600416858990995,5200,5200
muon_adamw,adamw_lr6e-4,0.03828569326003393,0.05213353486458461,0.045209614062309264,0.01384784160455068,5200,5200
muon_adamw,adamw_wd0,0.05123859324455261,0.0480746520558993,0.049656622650225954,-0.0031639411886533117,5200,5200
muon_adamw,adamw_lr1e-4,0.0429903374393781,0.06593133983612061,0.05446083863774935,0.02294100239674251,5200,5200
muon_adamw,muon_lr4e-2,0.0588794942855835,0.05257137710650762,0.05572543569604556,-0.006308117179075881,5200,5200
musgd,lr6e-4,0.014785535234212875,0.016621347246567407,0.01570344124039014,0.0018358120123545315,5200,5200
musgd,wd1e-2,0.018181943255662917,0.01495434221525987,0.016568142735461394,-0.0032276010404030473,5200,5200
musgd,lr1e-3,0.024133480955163638,0.018743916577100755,0.0214386987661322,-0.0053895643780628825,5200,5200
musgd,reference,0.026362512695789337,0.01657199038863182,0.021467251542210578,-0.009790522307157518,5200,5200
musgd,momentum0p98,0.026198863150676092,0.023412027225891748,0.02480544518828392,-0.0027868359247843442,5200,5200
musgd,blend0p5_0p5,0.025363874465227126,0.026435210337241492,0.025899542401234307,0.0010713358720143666,5200,5200
musgd,wd5e-2,0.03236363844871521,0.03136154978076617,0.03186259411474069,-0.0010020886679490415,5200,5200
musgd,momentum0p90,0.04366270475387573,0.024680777831872305,0.034171741292874015,-0.018981926922003425,5200,5200
musgd,lr1e-4,0.07102192033926646,0.061811876447995504,0.06641689839363099,-0.009210043891270961,5200,5200
musgd,ultralytics_blend0p2_1,0.11648098183472952,0.08007004726727804,0.09827551455100378,-0.03641093456745148,5200,5200
