optimizer,seed,runs,mean_best_val_mae_deg,median_best_val_mae_deg,std_best_val_mae_deg,min_best_val_mae_deg,max_best_val_mae_deg,runs_below_0p03_deg,runs_below_0p05_deg,runs_at_least_1_deg,best_trial,best_seed,best_step,worst_trial
adamw,42,10,4.523568173666994,0.03548185808261235,13.453445610010405,0.027421461073557536,44.88389315592448,1,8,1,beta2_0p99,42,5200,lr1e-3
adamw,43,10,9.044117725932995,0.044903101519743596,18.009787084180385,0.027928736092646917,45.27655461832682,2,8,2,lr1e-4,43,5200,lr1e-3
adamw,both,20,6.783842949799995,0.04160342910687129,16.055611382414952,0.027421461073557536,45.27655461832682,3,16,3,beta2_0p99,42,5200,lr1e-3
muon_adamw,42,10,0.043170056367715204,0.043475583575169244,0.008401472404509011,0.0271367888490359,0.0588794942855835,1,8,0,muon_wd0,42,5200,muon_lr4e-2
muon_adamw,43,10,0.045756412892738976,0.046797761726379394,0.009471415913492081,0.03176570008993149,0.06593133983612061,0,7,0,muon_lr1e-2,43,5200,adamw_lr1e-4
muon_adamw,both,20,0.04446323463022709,0.04401862937410672,0.009045360081482217,0.0271367888490359,0.06593133983612061,1,15,0,muon_wd0,42,5200,adamw_lr1e-4
musgd,42,10,0.03985554551333189,0.026280687923232716,0.029727819876185224,0.014785535234212875,0.11648098183472952,6,8,0,lr6e-4,42,5200,ultralytics_blend0p2_1
musgd,43,10,0.03146630853186051,0.024046402528882026,0.020727114092642347,0.01495434221525987,0.08007004726727804,7,8,0,wd1e-2,43,5200,ultralytics_blend0p2_1
musgd,both,20,0.0356609270225962,0.025781368807951607,0.02596676897272714,0.014785535234212875,0.11648098183472952,13,16,0,lr6e-4,42,5200,ultralytics_blend0p2_1
