seed,optimizer,trial,best_val_mae_deg,best_step,final_val_mae_deg,final_val_step,best_minus_final_deg,status,run_id,run_name,lr,weight_decay,momentum,nesterov,muon,sgd,muon_lr,muon_momentum,muon_weight_decay,adamw_lr,adamw_weight_decay,adamw_betas,betas
42,adamw,beta2_0p99,0.027421461073557536,5200,0.027421461073557536,5200,0.0,FINISHED,a8957e5a0ef9404eac6bb0d03c8382b3,convnext_tiny_optimizer_search_seed42_adamw_beta2_0p99,0.0003,0.01,,,,,,,,,,,"[0.9, 0.99]"
42,adamw,interaction_lr6e-4_wd2p5e-2_beta2_0p99,0.048632050188382465,5200,0.048632050188382465,5200,0.0,FINISHED,7a6e306a0cc24365800e684098c3b82f,convnext_tiny_optimizer_search_seed42_adamw_interaction_lr6e-4_wd2p5e-2_beta2_0p99,0.0006,0.025,,,,,,,,,,,"[0.9, 0.99]"
42,adamw,lr1e-3,44.88389315592448,5200,44.88389315592448,5200,0.0,FINISHED,983fe68a0bfe432c8b8e3a359b4bacf2,convnext_tiny_optimizer_search_seed42_adamw_lr1e-3,0.001,0.01,,,,,,,,,,,"[0.9, 0.999]"
42,adamw,lr1e-4,0.030105528150002163,5200,0.030105528150002163,5200,0.0,FINISHED,04be2aa65cd14a67b0522a5123705656,convnext_tiny_optimizer_search_seed42_adamw_lr1e-4,0.0001,0.01,,,,,,,,,,,"[0.9, 0.999]"
42,adamw,lr2e-4,0.033226762811342875,5200,0.033226762811342875,5200,0.0,FINISHED,4728668198384e2283e0a810dd356301,convnext_tiny_optimizer_search_seed42_adamw_lr2e-4,0.0002,0.01,,,,,,,,,,,"[0.9, 0.999]"
42,adamw,lr6e-4,0.06483622664610544,5200,0.06483622664610544,5200,0.0,FINISHED,6492eb0b050840b18f0f3caab1ff0090,convnext_tiny_optimizer_search_seed42_adamw_lr6e-4,0.0006,0.01,,,,,,,,,,,"[0.9, 0.999]"
42,adamw,reference,0.035622436408201855,5200,0.035622436408201855,5200,0.0,FINISHED,a65191c2500149e294d56cfe7ee7f08d,convnext_tiny_optimizer_search_seed42_adamw_reference,0.0003,0.01,,,,,,,,,,,"[0.9, 0.999]"
42,adamw,wd0,0.03442006456454595,5200,0.03442006456454595,5200,0.0,FINISHED,53bf3676c3304c9eb0f8b9728b490a5d,convnext_tiny_optimizer_search_seed42_adamw_wd0,0.0003,0.0,,,,,,,,,,,"[0.9, 0.999]"
42,adamw,wd2p5e-2,0.042182771146297454,5200,0.042182771146297454,5200,0.0,FINISHED,306cba3886974d5984f31fd45014250c,convnext_tiny_optimizer_search_seed42_adamw_wd2p5e-2,0.0003,0.025,,,,,,,,,,,"[0.9, 0.999]"
42,adamw,wd5e-2,0.03534127975702286,5200,0.03534127975702286,5200,0.0,FINISHED,f9583d12cb8049e39f7f021162f3afa5,convnext_tiny_optimizer_search_seed42_adamw_wd5e-2,0.0003,0.05,,,,,,,,,,,"[0.9, 0.999]"
42,muon_adamw,adamw_lr1e-4,0.0429903374393781,5200,0.0429903374393781,5200,0.0,FINISHED,35c107e407bc4db4a448376cacd8461d,convnext_tiny_optimizer_search_seed42_muon_adamw_adamw_lr1e-4,,,,,,,0.02,0.95,0.1,0.0001,0.01,"[0.9, 0.999]",
42,muon_adamw,adamw_lr6e-4,0.03828569326003393,5200,0.03828569326003393,5200,0.0,FINISHED,f82756ca34cd4bca953def87720c2959,convnext_tiny_optimizer_search_seed42_muon_adamw_adamw_lr6e-4,,,,,,,0.02,0.95,0.1,0.0006,0.01,"[0.9, 0.999]",
42,muon_adamw,adamw_wd0,0.05123859324455261,5200,0.05123859324455261,5200,0.0,FINISHED,dfeb5eb9092545ce8de6487cf53a9fbd,convnext_tiny_optimizer_search_seed42_muon_adamw_adamw_wd0,,,,,,,0.02,0.95,0.1,0.0003,0.0,"[0.9, 0.999]",
42,muon_adamw,adamw_wd2p5e-2,0.04396082971096039,5200,0.04396082971096039,5200,0.0,FINISHED,b7e0b737916c4b40ae109866b3f2d686,convnext_tiny_optimizer_search_seed42_muon_adamw_adamw_wd2p5e-2,,,,,,,0.02,0.95,0.1,0.0003,0.025,"[0.9, 0.999]",
42,muon_adamw,beta2_0p99,0.039103914892673494,5200,0.039103914892673494,5200,0.0,FINISHED,d0a1842fb7464dca86cec8913b1ac3c8,convnext_tiny_optimizer_search_seed42_muon_adamw_beta2_0p99,,,,,,,0.02,0.95,0.1,0.0003,0.01,"[0.9, 0.99]",
42,muon_adamw,muon_lr1e-2,0.04407642903725306,5200,0.04407642903725306,5200,0.0,FINISHED,cfa9def18bba4ec98880814e07c8b7a8,convnext_tiny_optimizer_search_seed42_muon_adamw_muon_lr1e-2,,,,,,,0.01,0.95,0.1,0.0003,0.01,"[0.9, 0.999]",
42,muon_adamw,muon_lr4e-2,0.0588794942855835,5200,0.0588794942855835,5200,0.0,FINISHED,6eef25dd8f464edfa1a3ff5871ef8124,convnext_tiny_optimizer_search_seed42_muon_adamw_muon_lr4e-2,,,,,,,0.04,0.95,0.1,0.0003,0.01,"[0.9, 0.999]",
42,muon_adamw,muon_wd0,0.0271367888490359,5200,0.0271367888490359,5200,0.0,FINISHED,f575f0e441ef476491138f2c6f0f5831,convnext_tiny_optimizer_search_seed42_muon_adamw_muon_wd0,,,,,,,0.02,0.95,0.0,0.0003,0.01,"[0.9, 0.999]",
42,muon_adamw,muon_wd5e-2,0.036123095258076984,5200,0.036123095258076984,5200,0.0,FINISHED,c33672d2752343ca9b8785adaa5c6775,convnext_tiny_optimizer_search_seed42_muon_adamw_muon_wd5e-2,,,,,,,0.02,0.95,0.05,0.0003,0.01,"[0.9, 0.999]",
42,muon_adamw,reference,0.04990538769960404,5200,0.04990538769960404,5200,0.0,FINISHED,e82e3372195841e6a8eff6f4ef316a61,convnext_tiny_optimizer_search_seed42_muon_adamw_reference,,,,,,,0.02,0.95,0.1,0.0003,0.01,"[0.9, 0.999]",
42,musgd,blend0p5_0p5,0.025363874465227126,5200,0.025363874465227126,5200,0.0,FINISHED,212adce4ed3f408fac9a3d30e781c6b4,convnext_tiny_optimizer_search_seed42_musgd_blend0p5_0p5,0.0003,0.025,0.95,true,0.5,0.5,,,,,,,
42,musgd,lr1e-3,0.024133480955163638,5200,0.024133480955163638,5200,0.0,FINISHED,2b3a66042a8e4308b2607bfd2f06e963,convnext_tiny_optimizer_search_seed42_musgd_lr1e-3,0.001,0.025,0.95,true,0.7,0.3,,,,,,,
42,musgd,lr1e-4,0.07102192033926646,5200,0.07102192033926646,5200,0.0,FINISHED,cad0e438d19b4e8897bf9e3a54df4aea,convnext_tiny_optimizer_search_seed42_musgd_lr1e-4,0.0001,0.025,0.95,true,0.7,0.3,,,,,,,
42,musgd,lr6e-4,0.014785535234212875,5200,0.014785535234212875,5200,0.0,FINISHED,577307b5bd46418789b9009420ebf0fa,convnext_tiny_optimizer_search_seed42_musgd_lr6e-4,0.0006,0.025,0.95,true,0.7,0.3,,,,,,,
42,musgd,momentum0p90,0.04366270475387573,5200,0.04366270475387573,5200,0.0,FINISHED,ffaed3995b4c4f03bbc85a18859d4903,convnext_tiny_optimizer_search_seed42_musgd_momentum0p90,0.0003,0.025,0.9,true,0.7,0.3,,,,,,,
42,musgd,momentum0p98,0.026198863150676092,5200,0.026198863150676092,5200,0.0,FINISHED,fb8db5c79b1b4d43a05d42671256efa4,convnext_tiny_optimizer_search_seed42_musgd_momentum0p98,0.0003,0.025,0.98,true,0.7,0.3,,,,,,,
42,musgd,reference,0.026362512695789337,5200,0.026362512695789337,5200,0.0,FINISHED,1e944847d46f490fb18cabf58721f902,convnext_tiny_optimizer_search_seed42_musgd_reference,0.0003,0.025,0.95,true,0.7,0.3,,,,,,,
42,musgd,ultralytics_blend0p2_1,0.11648098183472952,5200,0.11648098183472952,5200,0.0,FINISHED,21ae5110acc4464fbb6930842c84c702,convnext_tiny_optimizer_search_seed42_musgd_ultralytics_blend0p2_1,0.0003,0.025,0.95,true,0.2,1.0,,,,,,,
42,musgd,wd1e-2,0.018181943255662917,5200,0.018181943255662917,5200,0.0,FINISHED,08fb16ddc6a94a07a3d791eac7197126,convnext_tiny_optimizer_search_seed42_musgd_wd1e-2,0.0003,0.01,0.95,true,0.7,0.3,,,,,,,
42,musgd,wd5e-2,0.03236363844871521,5200,0.03236363844871521,5200,0.0,FINISHED,c69762ce498744e488e91bcf31293656,convnext_tiny_optimizer_search_seed42_musgd_wd5e-2,0.0003,0.05,0.95,true,0.7,0.3,,,,,,,
43,adamw,beta2_0p99,0.029252602452039717,5200,0.029252602452039717,5200,0.0,FINISHED,4fcc7f91d2c84c9c889c7f8c110a3632,convnext_tiny_optimizer_search_seed43_adamw_beta2_0p99,0.0003,0.01,,,,,,,,,,,"[0.9, 0.99]"
43,adamw,interaction_lr6e-4_wd2p5e-2_beta2_0p99,0.04542612319787343,5200,0.04542612319787343,5200,0.0,FINISHED,7ad4c1e099e14064918764e43c594a81,convnext_tiny_optimizer_search_seed43_adamw_interaction_lr6e-4_wd2p5e-2_beta2_0p99,0.0006,0.025,,,,,,,,,,,"[0.9, 0.99]"
43,adamw,lr1e-3,45.27655461832682,1300,45.30864089355469,5200,-0.032086275227868555,FINISHED,88b2be7db1764ae98d89bf343a25a756,convnext_tiny_optimizer_search_seed43_adamw_lr1e-3,0.001,0.01,,,,,,,,,,,"[0.9, 0.999]"
43,adamw,lr1e-4,0.027928736092646917,5200,0.027928736092646917,5200,0.0,FINISHED,02c9ccdc0cd14a11acc20017aacf90e9,convnext_tiny_optimizer_search_seed43_adamw_lr1e-4,0.0001,0.01,,,,,,,,,,,"[0.9, 0.999]"
43,adamw,lr2e-4,0.032245991734663644,5200,0.032245991734663644,5200,0.0,FINISHED,fe8243d122744b4b871533d8e7fea15f,convnext_tiny_optimizer_search_seed43_adamw_lr2e-4,0.0002,0.01,,,,,,,,,,,"[0.9, 0.999]"
43,adamw,lr6e-4,44.84981266682943,1300,45.281586295572914,5200,-0.43177362874348546,FINISHED,1f8c4e6addd843d0857c32738c707851,convnext_tiny_optimizer_search_seed43_adamw_lr6e-4,0.0006,0.01,,,,,,,,,,,"[0.9, 0.999]"
43,adamw,reference,0.04102408706744512,5200,0.04102408706744512,5200,0.0,FINISHED,b1a26361051e4b9aa723cc237da4ba07,convnext_tiny_optimizer_search_seed43_adamw_reference,0.0003,0.01,,,,,,,,,,,"[0.9, 0.999]"
43,adamw,wd0,0.04457186915477117,5200,0.04457186915477117,5200,0.0,FINISHED,264f63e985564c4da401a0a95b73e052,convnext_tiny_optimizer_search_seed43_adamw_wd0,0.0003,0.0,,,,,,,,,,,"[0.9, 0.999]"
43,adamw,wd2p5e-2,0.04523433388471603,5200,0.04523433388471603,5200,0.0,FINISHED,19b3348d5aa7496e94278b88829897f9,convnext_tiny_optimizer_search_seed43_adamw_wd2p5e-2,0.0003,0.025,,,,,,,,,,,"[0.9, 0.999]"
43,adamw,wd5e-2,0.04912623058954875,5200,0.04912623058954875,5200,0.0,FINISHED,1458ef7493e84248bd91275c225f0fc1,convnext_tiny_optimizer_search_seed43_adamw_wd5e-2,0.0003,0.05,,,,,,,,,,,"[0.9, 0.999]"
43,muon_adamw,adamw_lr1e-4,0.06593133983612061,5200,0.06593133983612061,5200,0.0,FINISHED,dc28be1f38a24ec994595a64bfe7a192,convnext_tiny_optimizer_search_seed43_muon_adamw_adamw_lr1e-4,,,,,,,0.02,0.95,0.1,0.0001,0.01,"[0.9, 0.999]",
43,muon_adamw,adamw_lr6e-4,0.05213353486458461,5200,0.05213353486458461,5200,0.0,FINISHED,0f2a8a2f25254eb5b63eebfc93f1fb0d,convnext_tiny_optimizer_search_seed43_muon_adamw_adamw_lr6e-4,,,,,,,0.02,0.95,0.1,0.0006,0.01,"[0.9, 0.999]",
43,muon_adamw,adamw_wd0,0.0480746520558993,5200,0.0480746520558993,5200,0.0,FINISHED,b7a36ec48957487bbdcd397d108a397f,convnext_tiny_optimizer_search_seed43_muon_adamw_adamw_wd0,,,,,,,0.02,0.95,0.1,0.0003,0.0,"[0.9, 0.999]",
43,muon_adamw,adamw_wd2p5e-2,0.04552087139685949,5200,0.04552087139685949,5200,0.0,FINISHED,ef26037d1cc744fa85fcc7e2179a97e9,convnext_tiny_optimizer_search_seed43_muon_adamw_adamw_wd2p5e-2,,,,,,,0.02,0.95,0.1,0.0003,0.025,"[0.9, 0.999]",
43,muon_adamw,beta2_0p99,0.048348071857293444,5200,0.048348071857293444,5200,0.0,FINISHED,f481c1aa1d8d4e788dc257a067978afa,convnext_tiny_optimizer_search_seed43_muon_adamw_beta2_0p99,,,,,,,0.02,0.95,0.1,0.0003,0.01,"[0.9, 0.99]",
43,muon_adamw,muon_lr1e-2,0.03176570008993149,5200,0.03176570008993149,5200,0.0,FINISHED,3a41b42d3e6c45fc9df5a6f1de8f97b5,convnext_tiny_optimizer_search_seed43_muon_adamw_muon_lr1e-2,,,,,,,0.01,0.95,0.1,0.0003,0.01,"[0.9, 0.999]",
43,muon_adamw,muon_lr4e-2,0.05257137710650762,5200,0.05257137710650762,5200,0.0,FINISHED,ebe199fa4f994a789d88c431180426bf,convnext_tiny_optimizer_search_seed43_muon_adamw_muon_lr4e-2,,,,,,,0.04,0.95,0.1,0.0003,0.01,"[0.9, 0.999]",
43,muon_adamw,muon_wd0,0.036518254125118256,5200,0.036518254125118256,5200,0.0,FINISHED,9168eade7b2548689ff8fe7318d5f9c6,convnext_tiny_optimizer_search_seed43_muon_adamw_muon_wd0,,,,,,,0.02,0.95,0.0,0.0003,0.01,"[0.9, 0.999]",
43,muon_adamw,muon_wd5e-2,0.03838897581100464,5200,0.03838897581100464,5200,0.0,FINISHED,02f73f76012b47fb877c4c2235bad3bc,convnext_tiny_optimizer_search_seed43_muon_adamw_muon_wd5e-2,,,,,,,0.02,0.95,0.05,0.0003,0.01,"[0.9, 0.999]",
43,muon_adamw,reference,0.03831135178407033,5200,0.03831135178407033,5200,0.0,FINISHED,6a5a8595641e4586b2027320167f0c55,convnext_tiny_optimizer_search_seed43_muon_adamw_reference,,,,,,,0.02,0.95,0.1,0.0003,0.01,"[0.9, 0.999]",
43,musgd,blend0p5_0p5,0.026435210337241492,5200,0.026435210337241492,5200,0.0,FINISHED,312bed8df85a4ed39c6da1e6bb284f32,convnext_tiny_optimizer_search_seed43_musgd_blend0p5_0p5,0.0003,0.025,0.95,true,0.5,0.5,,,,,,,
43,musgd,lr1e-3,0.018743916577100755,5200,0.018743916577100755,5200,0.0,FINISHED,e807331445da4429b2e7f713e7101e13,convnext_tiny_optimizer_search_seed43_musgd_lr1e-3,0.001,0.025,0.95,true,0.7,0.3,,,,,,,
43,musgd,lr1e-4,0.061811876447995504,5200,0.061811876447995504,5200,0.0,FINISHED,2751b83aa8d84d29b7b31f0c0c02101b,convnext_tiny_optimizer_search_seed43_musgd_lr1e-4,0.0001,0.025,0.95,true,0.7,0.3,,,,,,,
43,musgd,lr6e-4,0.016621347246567407,5200,0.016621347246567407,5200,0.0,FINISHED,5eaa76ee1c6a4f2c9cae1919df7a03fd,convnext_tiny_optimizer_search_seed43_musgd_lr6e-4,0.0006,0.025,0.95,true,0.7,0.3,,,,,,,
43,musgd,momentum0p90,0.024680777831872305,5200,0.024680777831872305,5200,0.0,FINISHED,284c125f0c1e404a85055ca2a310c503,convnext_tiny_optimizer_search_seed43_musgd_momentum0p90,0.0003,0.025,0.9,true,0.7,0.3,,,,,,,
43,musgd,momentum0p98,0.023412027225891748,5200,0.023412027225891748,5200,0.0,FINISHED,3398e04a588b4194893c9677eff5fbd0,convnext_tiny_optimizer_search_seed43_musgd_momentum0p98,0.0003,0.025,0.98,true,0.7,0.3,,,,,,,
43,musgd,reference,0.01657199038863182,5200,0.01657199038863182,5200,0.0,FINISHED,977783bd64ac44fc86d08c4c9147d9c9,convnext_tiny_optimizer_search_seed43_musgd_reference,0.0003,0.025,0.95,true,0.7,0.3,,,,,,,
43,musgd,ultralytics_blend0p2_1,0.08007004726727804,5200,0.08007004726727804,5200,0.0,FINISHED,3539985b77f8495d803fec21dbcfa9c7,convnext_tiny_optimizer_search_seed43_musgd_ultralytics_blend0p2_1,0.0003,0.025,0.95,true,0.2,1.0,,,,,,,
43,musgd,wd1e-2,0.01495434221525987,5200,0.01495434221525987,5200,0.0,FINISHED,e2231933e8b44e86b9217063d9792ec5,convnext_tiny_optimizer_search_seed43_musgd_wd1e-2,0.0003,0.01,0.95,true,0.7,0.3,,,,,,,
43,musgd,wd5e-2,0.03136154978076617,5200,0.03136154978076617,5200,0.0,FINISHED,e9412eafaa5642ad8c9fa787b304e447,convnext_tiny_optimizer_search_seed43_musgd_wd5e-2,0.0003,0.05,0.95,true,0.7,0.3,,,,,,,
