variant,seed,mae_deg,baseline_mae_deg,parameters,speedup,accuracy_preserved
stage2,42,0.014902812369156318,0.010441042323024806,14418151,1.145261495630208,False
final2,42,0.02021087670575554,0.010441042323024806,26600551,1.0450639036613132,False
final1,42,0.024485914452960788,0.010441042323024806,21837415,1.0697704157305006,False
head192,42,0.012347567781058015,0.010441042323024806,30367015,1.0061808568268682,False
head128,42,0.010365128840167112,0.010441042323024806,29444071,0.9963080652688967,True
penultimate8,42,0.01170494616839252,0.010441042323024806,30161767,1.0411327034962317,False
penultimate6,42,0.012604629177480583,0.010441042323024806,27757927,1.0699477299661948,False
final2_head192,42,0.013896404721103282,0.010441042323024806,25603879,1.0491927514860702,False
final1_head192,42,0.01420075063486962,0.010441042323024806,20840743,1.1116267778058029,False
stage2_head384,42,0.013067211931473867,0.010441042323024806,15895399,1.1797153977732118,False
penultimate6_final2,42,0.014100062938214962,0.010441042323024806,22994791,1.2059077921580763,False
penultimate8_final2,42,0.014591936000117638,0.010441042323024806,25398631,1.0561515966432857,False
final2_head128,42,0.013830845952802595,0.010441042323024806,24680935,1.0479456633145237,False
head224,42,0.012771125847786554,0.010441042323024806,30856135,0.9959666454710848,False
final2_head224,42,0.013306980082021039,0.010441042323024806,26092999,1.0176098044974695,False
