series,variant,seed,stage_steps,source_steps,total_steps,mae_deg,p99_deg,max_deg,parameters
architecture-4h,stage2,42,5200,,,0.014902812369156318,0.09392566233873367,3.2339813709259033,14418151
architecture-4h,final2,42,5200,,,0.02021087670575554,0.1092788428068161,1.928681492805481,26600551
architecture-4h,final1,42,5200,,,0.024485914452960788,0.1409410834312439,5.83312463760376,21837415
architecture-4h,head192,42,5200,,,0.012347567781058015,0.07808565348386765,1.0321942567825317,30367015
architecture-4h,head128,42,5200,,,0.010365128840167112,0.06622462719678879,1.698174238204956,29444071
architecture-4h,penultimate8,42,5200,,,0.01170494616839252,0.07475917786359787,2.274040937423706,30161767
architecture-4h,penultimate6,42,5200,,,0.012604629177480583,0.08566346019506454,0.9978781342506409,27757927
architecture-4h,final2_head192,42,5200,,,0.013896404721103282,0.08210977166891098,9.062183380126953,25603879
architecture-4h,final1_head192,42,5200,,,0.01420075063486962,0.0881233885884285,1.7847987413406372,20840743
architecture-4h,stage2_head384,42,5200,,,0.013067211931473867,0.08267063647508621,3.3011016845703125,15895399
architecture-4h,penultimate6_final2,42,5200,,,0.014100062938214962,0.0893065482378006,1.8721610307693481,22994791
architecture-4h,penultimate8_final2,42,5200,,,0.014591936000117638,0.09055262058973312,4.415797710418701,25398631
architecture-4h,final2_head128,42,5200,,,0.013830845952802595,0.08353017270565033,1.7879542112350464,24680935
architecture-4h,head224,42,5200,,,0.012771125847786554,0.07543321698904037,1.646456003189087,30856135
architecture-4h,final2_head224,42,5200,,,0.013306980082021039,0.09171421825885773,1.5939661264419556,26092999
backbone-comparison,mobilenetv4_medium,42,5200,,,0.034155187830494795,0.16237184405326843,1.2558341026306152,11485719
backbone-comparison,fasternet_t2,42,5200,,,0.11566201051013571,0.6093373894691467,19.86880111694336,16263943
backbone-comparison,efficientnetv2_t,42,5200,,,0.05338625624861663,0.21772611141204834,4.514411449432373,13803483
backbone-comparison,convnextv2_nano,42,5200,,,0.014632389809267567,0.09697188436985016,3.2313568592071533,18034967
backbone-comparison,nano_refinement,42,5200,,,0.0043942751898875185,0.029945261776447296,3.2870371341705322,18346456
backbone-comparison,convnextv2_nano,43,5200,,,0.027013897260348804,0.11485714465379715,83.20001220703125,18034967
backbone-comparison,nano_refinement,43,5200,,,0.012810990601901235,0.03130919486284256,83.16452026367188,18346456
backbone-comparison,tiny_refinement,42,5200,,,0.004230997467595792,0.03210749849677086,0.36842015385627747,31675176
backbone-comparison,tiny_refinement,43,5200,,,0.004117240309469848,0.03100157342851162,0.9723872542381287,31675176
end-to-end-comparison,joint_refinement,42,5200,,,0.00343677751816255,0.024525800719857216,0.22704586386680603,31675176
end-to-end-comparison,joint_refinement,43,5200,,,0.0034194611511936955,0.024362534284591675,0.676586389541626,31675176
end-to-end-comparison,shared_multiscale,42,5200,,,0.011381815828684085,0.07235842943191528,1.1012613773345947,28960871
end-to-end-comparison,shared_multiscale,43,5200,,,0.010452030556516563,0.06236311048269272,4.038475036621094,28960871
autonomous-architecture,autonomy_e2e_15600,42,15600,0,15600,0.006238725472721103,0.04358956217765808,3.353606700897217,31675176
autonomous-architecture,autonomy_e2e_15600,43,15600,0,15600,0.007074311053725414,0.04564862325787544,3.7620277404785156,31675176
autonomous-architecture,autonomy_e2e_5200,42,5200,0,5200,0.014522236143171677,0.08348099142313004,13.895139694213867,31675176
autonomous-architecture,autonomy_e2e_5200,43,5200,0,5200,0.01659235435485985,0.06787598133087158,77.80732727050781,31675176
autonomous-architecture,autonomy_shared256,42,5200,0,5200,0.010590833349083187,0.06680028885602951,1.0282262563705444,30602087
autonomous-architecture,autonomy_shared256,43,5200,0,5200,0.009884505598978171,0.06333892792463303,1.25152587890625,30602087
autonomous-architecture,autonomy_e2e_heatmap_5200,42,5200,0,5200,0.013565731041193843,0.10153888911008835,1.9387129545211792,31445544
autonomous-architecture,autonomy_e2e_heatmap_5200,43,5200,0,5200,0.013557630074890126,0.08353588730096817,1.3728704452514648,31445544
autonomous-architecture,autonomy_shared256_dilated,42,5200,0,5200,0.010606670194934767,0.06877031922340393,0.8206120729446411,30602087
autonomous-architecture,autonomy_shared256_dilated,43,5200,0,5200,0.010606930058839543,0.06554959714412689,1.3828388452529907,30602087
autonomous-architecture,autonomy_e2e_heatmap_15600,42,15600,0,15600,0.010237939765260527,0.06870090961456299,0.7439199686050415,31445544
autonomous-architecture,autonomy_e2e_heatmap_15600,43,15600,0,15600,0.011745209154893351,0.05676611512899399,18.8088321685791,31445544
autonomous-architecture,autonomy_tiny_15600,42,15600,0,15600,0.008145237776650235,0.0500972606241703,1.2165000438690186,31363687
autonomous-architecture,autonomy_tiny_15600,43,15600,0,15600,0.009158935918215882,0.0453161895275116,30.48173713684082,31363687
autonomous-architecture,autonomy_tiny_fastcos_15600,42,15600,0,15600,0.010103178981289792,0.06727886199951172,2.625620126724243,31363687
autonomous-architecture,autonomy_tiny_fastcos_15600,43,15600,0,15600,0.009330639940525036,0.062161561101675034,0.9596725106239319,31363687
autonomous-architecture,autonomy_tiny_fastcos001_15600,42,15600,0,15600,0.012034675078909242,0.07811000198125839,0.9571352005004883,31363687
autonomous-architecture,autonomy_tiny_fastcos001_15600,43,15600,0,15600,0.010493033775337748,0.06482294201850891,2.549959659576416,31363687
autonomous-architecture,autonomy_localmlp_5200,42,5200,0,5200,0.010942271025875425,0.06822289526462555,9.74807071685791,31674920
autonomous-architecture,autonomy_localmlp_5200,43,5200,0,5200,0.017988795559041166,0.08435190469026566,40.68607711791992,31674920
autonomous-architecture,autonomy_localmlp_cropstop_5200,42,5200,0,5200,0.011494988135960844,0.087911456823349,4.59564208984375,31674920
autonomous-architecture,autonomy_localmlp_cropstop_5200,43,5200,0,5200,0.01102849348852944,0.07352898269891739,15.96519660949707,31674920
autonomous-architecture,autonomy_frozenfine_continue_15600,42,5200,10400,15600,0.0034413472640386694,0.026029041036963463,0.308738112449646,31675176
autonomous-architecture,autonomy_frozenfine_continue_15600,43,5200,10400,15600,0.0034162779490467224,0.026167429983615875,0.8970197439193726,31675176
autonomous-architecture,autonomy_frozenfine_radial384_10400,42,5200,5200,10400,0.0037221700422275547,0.029399417340755463,0.33784741163253784,31675176
autonomous-architecture,autonomy_frozenfine_radial384_10400,43,5200,5200,10400,0.0038225435446650672,0.029618101194500923,0.9730181694030762,31675176
autonomous-architecture,autonomy_frozenfine_radial384_continue_15600,42,5200,10400,15600,0.002859202400755286,0.02318599261343479,0.33067092299461365,31675176
autonomous-architecture,autonomy_frozenfine_radial384_continue_15600,43,5200,10400,15600,0.002879086963668851,0.0227629654109478,0.7378567457199097,31675176
autonomous-architecture,autonomy_radial384_joint_15600,42,5200,10400,15600,0.0030861833833513816,0.024250201880931854,0.8190717101097107,31675176
autonomous-architecture,autonomy_radial384_joint_15600,43,5200,10400,15600,0.0029870888917848107,0.022604992613196373,1.0511325597763062,31675176
autonomous-architecture,autonomy_frozenfine_radial384_fine64_10400,42,5200,5200,10400,0.0034462418904138074,0.029537605121731758,0.4409297704696655,31971208
autonomous-architecture,autonomy_frozenfine_radial384_fine64_10400,43,5200,5200,10400,0.003464907189502069,0.02712858095765114,0.8663747310638428,31971208
autonomous-architecture,autonomy_frozenfine_radial384_fine64_continue_15600,42,5200,10400,15600,0.0027513127754786922,0.023543084040284157,0.36774003505706787,31971208
autonomous-architecture,autonomy_frozenfine_radial384_fine64_continue_15600,43,5200,10400,15600,0.002629045377895322,0.02198812924325466,0.7348041534423828,31971208
autonomous-architecture,autonomy_frozenfine_radial384_fine64_head256_10400,42,5200,5200,10400,0.0035443832394961156,0.028743596747517586,0.46118009090423584,32512392
autonomous-architecture,autonomy_frozenfine_radial384_fine64_head256_10400,43,5200,5200,10400,0.0034607166421072046,0.028398804366588593,0.7834991216659546,32512392
autonomous-architecture,autonomy_frozenfine_radial384_fine64_angular9_10400,42,5200,5200,10400,0.0030512394071073212,0.023488130420446396,0.4329100549221039,32024008
autonomous-architecture,autonomy_frozenfine_radial384_fine64_angular9_10400,43,5200,5200,10400,0.0031905285526914514,0.024622876197099686,1.1128538846969604,32024008
autonomous-architecture,autonomy_frozenfine_radial384_fine64_angular9_continue_15600,42,5200,10400,15600,0.00259141701451022,0.018981723114848137,0.36525759100914,32024008
autonomous-architecture,autonomy_frozenfine_radial384_fine64_angular9_continue_15600,43,5200,10400,15600,0.0027435465097208674,0.020739492028951645,1.031955361366272,32024008
autonomous-architecture,autonomy_frozenfine_radial384_fine64_angular9_radialbins2_10400,42,5200,5200,10400,0.002903473805480661,0.022097844630479813,0.30041268467903137,32564680
autonomous-architecture,autonomy_frozenfine_radial384_fine64_angular9_radialbins2_10400,43,5200,5200,10400,0.0031413497739231216,0.02458862029016018,0.943623423576355,32564680
autonomous-architecture,autonomy_frozenfine_radial384_fine64_angular9_radialbins2_continue_15600,42,5200,10400,15600,0.0025923315098517453,0.019919145852327347,0.335042268037796,32564680
autonomous-architecture,autonomy_frozenfine_radial384_fine64_angular9_radialbins2_continue_15600,43,5200,10400,15600,0.0026914814248379096,0.02060399390757084,1.1682764291763306,32564680
autonomous-architecture,autonomy_frozenfine_radial384_fine64_angular5_radialbins2_10400,42,5200,5200,10400,0.003344509193913345,0.026613442227244377,0.38477224111557007,32511880
autonomous-architecture,autonomy_frozenfine_radial384_fine64_angular5_radialbins2_10400,43,5200,5200,10400,0.0034120336209744967,0.027351096272468567,0.8307109475135803,32511880
autonomous-architecture,autonomy_frozenfine_radial384_fine64_angular5_radialbins2_continue_15600,42,5200,10400,15600,0.002616152555249702,0.022855322808027267,0.2334534376859665,32511880
autonomous-architecture,autonomy_frozenfine_radial384_fine64_angular5_radialbins2_continue_15600,43,5200,10400,15600,0.0026080759660891944,0.02289188839495182,0.9302389025688171,32511880
autonomous-architecture,autonomy_frozenfine_radial384_fine64_angular9_radialaa_10400,42,5200,5200,10400,0.002876019971386568,0.02276960015296936,0.3640096187591553,32024008
autonomous-architecture,autonomy_frozenfine_radial384_fine64_angular9_radialaa_10400,43,5200,5200,10400,0.0029928581409925984,0.023964272812008858,0.9646855592727661,32024008
autonomous-architecture,autonomy_frozenfine_radial384_fine64_angular9_radialaa_continue_15600,42,5200,10400,15600,0.0024714840415850045,0.018786022439599037,0.3310609459877014,32024008
autonomous-architecture,autonomy_frozenfine_radial384_fine64_angular9_radialaa_continue_15600,43,5200,10400,15600,0.002536839304475342,0.019477220252156258,0.8920388221740723,32024008
autonomous-architecture,autonomy_frozenfine_radial384_fine64_angular9_radialaa_bins2_10400,42,5200,5200,10400,0.0027875588473405327,0.02227478101849556,0.31703129410743713,32564680
autonomous-architecture,autonomy_frozenfine_radial384_fine64_angular9_radialaa_bins2_10400,43,5200,5200,10400,0.0029704182648530916,0.023532552644610405,0.9486132860183716,32564680
autonomous-architecture,autonomy_frozenfine_radial384_fine64_angular9_radialaa_bins2_continue_15600,42,5200,10400,15600,0.0025184521822783535,0.01966007985174656,0.4897696077823639,32564680
autonomous-architecture,autonomy_frozenfine_radial384_fine64_angular9_radialaa_bins2_continue_15600,43,5200,10400,15600,0.0026156571081185007,0.02004600688815117,1.0155680179595947,32564680
autonomous-architecture,autonomy_frozenfine_radial384_fine64_angular9_radial7_10400,42,5200,5200,10400,0.003034134054904616,0.024543611332774162,0.4397052824497223,32071528
autonomous-architecture,autonomy_frozenfine_radial384_fine64_angular9_radial7_10400,43,5200,5200,10400,0.003098980735844329,0.024167336523532867,1.005079746246338,32071528
autonomous-architecture,autonomy_frozenfine_radial384_fine64_angular9_radialaa_localmlp_10400,42,5200,5200,10400,0.002813477962131617,0.022191200405359268,0.3159782290458679,32023752
autonomous-architecture,autonomy_frozenfine_radial384_fine64_angular9_radialaa_localmlp_10400,43,5200,5200,10400,0.003048541715392969,0.024831054732203484,1.0463669300079346,32023752
autonomous-architecture,autonomy_frozenfine_radial384_fine64_radialaa_angular65_10400,42,5200,5200,10400,0.002278162426494589,0.020412564277648926,0.4650803506374359,32653896
autonomous-architecture,autonomy_frozenfine_radial384_fine64_radialaa_angular65_10400,43,5200,5200,10400,0.002513711764242343,0.0223703570663929,0.9603271484375,32653896
autonomous-architecture,autonomy_frozenfine_radial384_fine64_radialaa_angular65_continue_15600,42,5200,10400,15600,0.0019957531265155297,0.018230972811579704,0.284163236618042,32653896
autonomous-architecture,autonomy_frozenfine_radial384_fine64_radialaa_angular65_continue_15600,43,5200,10400,15600,0.002166982918469293,0.018933964893221855,1.0389868021011353,32653896
autonomous-architecture,autonomy_frozenfine_radial384_fine64_radialaa_angular65_head64_10400,42,5200,5200,10400,0.0023502080277029336,0.021903259679675102,0.3509688079357147,32121160
autonomous-architecture,autonomy_frozenfine_radial384_fine64_radialaa_angular65_head64_10400,43,5200,5200,10400,0.002607268761242697,0.023700248450040817,1.0388115644454956,32121160
autonomous-architecture,autonomy_frozenfine_radial384_fine64_radialaa_angular65_context9_10400,42,5200,5200,10400,0.0025713375444123094,0.024325566366314888,0.4281841516494751,32548296
autonomous-architecture,autonomy_frozenfine_radial384_fine64_radialaa_angular65_context9_10400,43,5200,5200,10400,0.0028516158642405668,0.026808511465787888,1.053519606590271,32548296
autonomous-architecture,autonomy_radial384_joint_fine64_radialaa_angular65_15600,42,5200,10400,15600,0.0020862341310813612,0.01890292763710022,0.39028286933898926,32653896
autonomous-architecture,autonomy_radial384_joint_fine64_radialaa_angular65_15600,43,5200,10400,15600,0.002110140417995721,0.019452005624771118,0.42060157656669617,32653896
autonomous-architecture,autonomy_frozenfine_radial384_fine64_radialaa_angular65_stride221_10400,42,5200,5200,10400,0.0022684450971805783,0.020888786762952805,0.4232173264026642,32653896
autonomous-architecture,autonomy_frozenfine_radial384_fine64_radialaa_angular65_stride221_10400,43,5200,5200,10400,0.002503560228917646,0.02166624180972576,1.1082500219345093,32653896
autonomous-architecture,autonomy_frozenfine_radial384_fine64_radialaa_angular65_stride221_continue_15600,42,5200,10400,15600,0.0020351048085754733,0.01868073083460331,0.31582513451576233,32653896
autonomous-architecture,autonomy_frozenfine_radial384_fine64_radialaa_angular65_stride221_continue_15600,43,5200,10400,15600,0.002144000761516933,0.019723493605852127,1.0559356212615967,32653896
autonomous-architecture,autonomy_frozenfine_radial384_fine64_radialaa_angular65_context23_10400,42,5200,5200,10400,0.0023096895761872075,0.02115800604224205,0.5342927575111389,32733096
autonomous-architecture,autonomy_frozenfine_radial384_fine64_radialaa_angular65_context23_10400,43,5200,5200,10400,0.0023311731373687507,0.020543789491057396,0.8557772636413574,32733096
autonomous-architecture,autonomy_frozenfine_radial384_fine64_radialaa_angular65_context23_continue_15600,42,5200,10400,15600,0.001971602013962695,0.01806943118572235,0.4599054455757141,32733096
autonomous-architecture,autonomy_frozenfine_radial384_fine64_radialaa_angular65_context23_continue_15600,43,5200,10400,15600,0.002058440823143214,0.018715988844633102,1.026582956314087,32733096
autonomous-architecture,autonomy_radial384_joint_fine64_radialaa_angular65_context23_15600,42,5200,10400,15600,0.002053650276359156,0.01844095066189766,0.19124756753444672,32733096
autonomous-architecture,autonomy_radial384_joint_fine64_radialaa_angular65_context23_15600,43,5200,10400,15600,0.0020536529801283942,0.018835050985217094,0.3573148548603058,32733096
autonomous-architecture,autonomy_frozenfine_radial384_fine128_radialaa_angular65_context23_10400,42,5200,5200,10400,0.002204848707750813,0.019848624244332314,0.32706162333488464,34033768
autonomous-architecture,autonomy_frozenfine_radial384_fine128_radialaa_angular65_context23_10400,43,5200,5200,10400,0.002209992016971072,0.019884774461388588,0.9419305920600891,34033768
autonomous-architecture,autonomy_frozenfine_radial384_fine128_radialaa_angular65_context23_continue_15600,42,5200,10400,15600,0.0018802659038502205,0.016714999452233315,0.4236258268356323,34033768
autonomous-architecture,autonomy_frozenfine_radial384_fine128_radialaa_angular65_context23_continue_15600,43,5200,10400,15600,0.0019948536401027694,0.018106192350387573,1.050871729850769,34033768
autonomous-architecture,autonomy_radial384_joint_fine128_radialaa_angular65_context23_15600,42,5200,10400,15600,0.0020488007764222593,0.018183564767241478,1.1442294120788574,34033768
