trial,lr,weight_decay,mae42,mae43,delta,rank42,rank43,run42,run43,best_step42,best_step43
6,0.00023688639503640813,0.046187109390049115,0.0522741796374321,0.02879618187149366,-0.023477997765938438,15,14,7edd017b606144e99ea10ebf7c32172f,fb3f806d1f3142189cc7cf12762f1c36,5200,5200
7,0.0005395030966670229,0.026208630215377525,0.016633036212126414,0.014470703089237213,-0.002162333122889201,12,11,01ab557c6eb54f7e9ea42648ae938d73,76a4a042ae404676a3b45e49d36e5a8d,5200,5200
8,0.0001432249371823026,0.012853916978930137,0.05056759600241979,0.03872892032464345,-0.011838675677776342,14,15,5708536285c94eabba07c61759e6494b,0f880c31d0974758b655d2d265b2b7b0,5200,5200
9,0.00011430983876313228,0.04031170288036924,0.06818957742849986,0.058053550028800964,-0.010136027399698898,16,16,ca512ce948fd4c6d826d9b4ec8ce5fdd,e6c88c8ffb70429b92dd37efec01550d,5200,5200
11,0.0009300531728963442,0.011053377343774083,0.011023224251468976,0.013890014747778574,0.0028667904963095986,3,10,08573310e08045bdab9e8c9a82fc92ee,8cd97cbe507f43d89acf2c4aa04e4be3,5200,5200
12,0.0007975423028925935,0.010122210155621848,0.010441042306025824,0.010615124374628067,0.0001740820686022427,1,1,db47db8609f34adb9d3c046b6cba9a2b,71bd36d47d65476683d792892fdb1dce,5200,5200
13,0.0009418005118511315,0.010641626139798518,0.01128470011651516,0.012041147390007972,0.0007564472734928121,4,4,f80e8c9085c94fa5b4e7b5986443c2a7,627bcb83b6e1479daca0a1c295e428d1,5200,5200
14,0.0009670001846612614,0.01705979567245431,0.012242006530364355,0.014723668622970582,0.0024816620926062273,5,12,a71b6303aa27458194f1ac63011b0d9a,52b695cf5d674eb2afadf2f1dcc21e7d,5200,5200
16,0.000387080970228444,0.014538776624395133,0.016553222837050754,0.013059799204270046,-0.0034934236327807087,11,8,867e333572bd4c1f9883fd6df4c32b02,39d20f85285d4ca1be01820af63099b6,5200,5200
17,0.0005784428572585671,0.011953217326967953,0.01277039298315843,0.012247491747140885,-0.000522901236017545,6,5,755fbe3e8072420088c90805da4d521b,edd3976d5a7a4ecf94efbf0c3e9b8a3b,5200,5200
18,0.0006397494055149834,0.015924336716635075,0.012889685896039008,0.01238665492037932,-0.0005030309756596883,8,6,6fe408812ebc4c8f93b7c92ec9c8fdbc,70a157808d09416fae2e8147a8500caf,5200,5200
19,0.0007677791183017445,0.013097847814326016,0.012815580667058627,0.011916513097286224,-0.0008990675697724028,7,3,801f10657d264ed4b3ed65126f6d1e4a,a75535cd22da46dabf6c376a2de59136,5200,5200
20,0.00019313203137083225,0.018251768002720235,0.03797239473660787,0.023467105837663014,-0.014505288898944858,13,13,0acd0cefc7324a0a85926bbd79dcd451,19b931aa49af45d2bddb1f2eba93f3d5,5200,5200
21,0.0003956908735796597,0.01185842965518877,0.014621410667896271,0.01181048078238964,-0.00281092988550663,9,2,5dcf2e1b69f24ef4bbdb305db7bb45f9,87dea05c05484b11b0cf2772bd1e3a9c,5200,5200
22,0.00041642226604899474,0.019074903389103892,0.015090101466576258,0.013298334293564161,-0.0017917671730120974,10,9,30ad6a16dd814b1e97f1557278d2bf67,ff1c1fd398c54f11a17a2c2462d53bdd,5200,5200
23,0.0007654358304051125,0.01006214764846446,0.0105591155230999,0.012822526898980141,0.0022634113758802418,2,7,f010887a2812480fac7756184d91857d,4d5fa6b53fcb4e009b26190b4b607250,5200,5200
