model,metric,step,value
baseline,val/angle_mae_deg,1300,0.09145412922700247
baseline,val/angle_mae_deg,2600,0.05104491601785024
baseline,val/angle_mae_deg,3900,0.022439565388361612
baseline,val/angle_mae_deg,5200,0.010441042306025824
baseline,train/angle_mae_deg,50,44.568203125
baseline,train/angle_mae_deg,100,32.95126708984375
baseline,train/angle_mae_deg,150,8.085285034179687
baseline,train/angle_mae_deg,200,2.1241265869140626
baseline,train/angle_mae_deg,250,1.2581388092041015
baseline,train/angle_mae_deg,300,0.6664112854003906
baseline,train/angle_mae_deg,350,0.46383018493652345
baseline,train/angle_mae_deg,400,0.40626758575439453
baseline,train/angle_mae_deg,450,0.32036651611328126
baseline,train/angle_mae_deg,500,0.28545440673828126
baseline,train/angle_mae_deg,550,0.2739130592346191
baseline,train/angle_mae_deg,600,0.23886425018310548
baseline,train/angle_mae_deg,650,0.27061752319335936
baseline,train/angle_mae_deg,700,0.21080535888671875
baseline,train/angle_mae_deg,750,0.2183098602294922
baseline,train/angle_mae_deg,800,0.2049898910522461
baseline,train/angle_mae_deg,850,0.18857549667358398
baseline,train/angle_mae_deg,900,0.17517480850219727
baseline,train/angle_mae_deg,950,0.24492733001708986
baseline,train/angle_mae_deg,1000,0.1676723289489746
baseline,train/angle_mae_deg,1050,0.16775951385498047
baseline,train/angle_mae_deg,1100,0.1467282295227051
baseline,train/angle_mae_deg,1150,0.24938526153564453
baseline,train/angle_mae_deg,1200,0.1371407127380371
baseline,train/angle_mae_deg,1250,0.12872467041015626
baseline,train/angle_mae_deg,1300,0.13156392097473144
baseline,train/angle_mae_deg,1350,0.14894244194030762
baseline,train/angle_mae_deg,1400,0.12005462646484374
baseline,train/angle_mae_deg,1450,0.1109087085723877
baseline,train/angle_mae_deg,1500,0.10477073669433594
baseline,train/angle_mae_deg,1550,0.10587577819824219
baseline,train/angle_mae_deg,1600,0.1138395118713379
baseline,train/angle_mae_deg,1650,0.10477087020874024
baseline,train/angle_mae_deg,1700,0.10273102760314941
baseline,train/angle_mae_deg,1750,0.10660630226135254
baseline,train/angle_mae_deg,1800,0.19132423400878906
baseline,train/angle_mae_deg,1850,0.10719256401062012
baseline,train/angle_mae_deg,1900,0.09700104713439942
baseline,train/angle_mae_deg,1950,0.08866467475891113
baseline,train/angle_mae_deg,2000,0.08320170402526855
baseline,train/angle_mae_deg,2050,0.08319284439086914
baseline,train/angle_mae_deg,2100,0.13723433494567872
baseline,train/angle_mae_deg,2150,0.07374958038330078
baseline,train/angle_mae_deg,2200,0.07473140239715576
baseline,train/angle_mae_deg,2250,0.09426947593688965
baseline,train/angle_mae_deg,2300,0.06813829898834228
baseline,train/angle_mae_deg,2350,0.06900137424468994
baseline,train/angle_mae_deg,2400,0.06574647903442382
baseline,train/angle_mae_deg,2450,0.0620127010345459
baseline,train/angle_mae_deg,2500,0.06366663455963134
baseline,train/angle_mae_deg,2550,0.059589176177978515
baseline,train/angle_mae_deg,2600,0.061999235153198246
baseline,train/angle_mae_deg,2650,0.05934302806854248
baseline,train/angle_mae_deg,2700,0.1089948844909668
baseline,train/angle_mae_deg,2750,0.05413081645965576
baseline,train/angle_mae_deg,2800,0.05348469734191894
baseline,train/angle_mae_deg,2850,0.056463708877563475
baseline,train/angle_mae_deg,2900,0.0537103271484375
baseline,train/angle_mae_deg,2950,0.10071914672851562
baseline,train/angle_mae_deg,3000,0.05238863468170166
baseline,train/angle_mae_deg,3050,0.04722343444824219
baseline,train/angle_mae_deg,3100,0.04537245750427246
baseline,train/angle_mae_deg,3150,0.04206724166870117
baseline,train/angle_mae_deg,3200,0.04152724742889404
baseline,train/angle_mae_deg,3250,0.04031788349151611
baseline,train/angle_mae_deg,3300,0.04071880340576172
baseline,train/angle_mae_deg,3350,0.037597086429595944
baseline,train/angle_mae_deg,3400,0.056985912322998045
baseline,train/angle_mae_deg,3450,0.03723130941390991
baseline,train/angle_mae_deg,3500,0.03713453054428101
baseline,train/angle_mae_deg,3550,0.034074671268463134
baseline,train/angle_mae_deg,3600,0.03268144130706787
baseline,train/angle_mae_deg,3650,0.032905874252319334
baseline,train/angle_mae_deg,3700,0.03125591039657593
baseline,train/angle_mae_deg,3750,0.059278106689453124
baseline,train/angle_mae_deg,3800,0.030919198989868165
baseline,train/angle_mae_deg,3850,0.029312763214111328
baseline,train/angle_mae_deg,3900,0.05713584423065186
baseline,train/angle_mae_deg,3950,0.030151736736297608
baseline,train/angle_mae_deg,4000,0.02824425935745239
baseline,train/angle_mae_deg,4050,0.04715980052947998
baseline,train/angle_mae_deg,4100,0.027515466213226317
baseline,train/angle_mae_deg,4150,0.029667425155639648
baseline,train/angle_mae_deg,4200,0.027773344516754152
baseline,train/angle_mae_deg,4250,0.034223690032958984
baseline,train/angle_mae_deg,4300,0.0765011739730835
baseline,train/angle_mae_deg,4350,0.025177927017211915
baseline,train/angle_mae_deg,4400,0.02535121202468872
baseline,train/angle_mae_deg,4450,0.02501877546310425
baseline,train/angle_mae_deg,4500,0.023786742687225342
baseline,train/angle_mae_deg,4550,0.02327998638153076
baseline,train/angle_mae_deg,4600,0.02134615421295166
baseline,train/angle_mae_deg,4650,0.021801953315734864
baseline,train/angle_mae_deg,4700,0.020921404361724853
baseline,train/angle_mae_deg,4750,0.020401494503021242
baseline,train/angle_mae_deg,4800,0.021484522819519042
baseline,train/angle_mae_deg,4850,0.0208504319190979
baseline,train/angle_mae_deg,4900,0.02603041410446167
baseline,train/angle_mae_deg,4950,0.020279655456542967
baseline,train/angle_mae_deg,5000,0.019879834651947023
baseline,train/angle_mae_deg,5050,0.019662818908691405
baseline,train/angle_mae_deg,5100,0.020222434997558592
baseline,train/angle_mae_deg,5150,0.019989655017852784
baseline,train/angle_mae_deg,5200,0.020209293365478515
candidate,val/angle_mae_deg,1300,0.08601765090624491
candidate,val/angle_mae_deg,2600,0.04992240968942642
candidate,val/angle_mae_deg,3900,0.028273164906104407
candidate,val/angle_mae_deg,5200,0.022095809596776962
candidate,train/angle_mae_deg,50,41.852666015625
candidate,train/angle_mae_deg,100,21.5421875
candidate,train/angle_mae_deg,150,19.539937744140627
candidate,train/angle_mae_deg,200,16.18964599609375
candidate,train/angle_mae_deg,250,13.997255859375
candidate,train/angle_mae_deg,300,9.602125854492188
candidate,train/angle_mae_deg,350,4.359018249511719
candidate,train/angle_mae_deg,400,1.9292828369140624
candidate,train/angle_mae_deg,450,1.0739342498779296
candidate,train/angle_mae_deg,500,0.6666107177734375
candidate,train/angle_mae_deg,550,0.5336935806274414
candidate,train/angle_mae_deg,600,0.39709495544433593
candidate,train/angle_mae_deg,650,0.3874079132080078
candidate,train/angle_mae_deg,700,0.2615678024291992
candidate,train/angle_mae_deg,750,0.27237112045288087
candidate,train/angle_mae_deg,800,0.2047376823425293
candidate,train/angle_mae_deg,850,0.21025623321533204
candidate,train/angle_mae_deg,900,0.24470712661743163
candidate,train/angle_mae_deg,950,0.2383660125732422
candidate,train/angle_mae_deg,1000,0.15770865440368653
candidate,train/angle_mae_deg,1050,0.12430448532104492
candidate,train/angle_mae_deg,1100,0.1754124641418457
candidate,train/angle_mae_deg,1150,0.19432661056518555
candidate,train/angle_mae_deg,1200,0.13695134162902833
candidate,train/angle_mae_deg,1250,0.09342426300048828
candidate,train/angle_mae_deg,1300,0.06966317176818848
candidate,train/angle_mae_deg,1350,0.13386219024658202
candidate,train/angle_mae_deg,1400,0.09265743255615234
candidate,train/angle_mae_deg,1450,0.08503161430358887
candidate,train/angle_mae_deg,1500,0.07898711681365966
candidate,train/angle_mae_deg,1550,0.0771779203414917
candidate,train/angle_mae_deg,1600,0.1158937931060791
candidate,train/angle_mae_deg,1650,0.1070698356628418
candidate,train/angle_mae_deg,1700,0.09649630546569825
candidate,train/angle_mae_deg,1750,0.08782353401184081
candidate,train/angle_mae_deg,1800,0.07492788791656495
candidate,train/angle_mae_deg,1850,0.08202464103698731
candidate,train/angle_mae_deg,1900,0.08348823547363281
candidate,train/angle_mae_deg,1950,0.07961547374725342
candidate,train/angle_mae_deg,2000,0.06349990367889405
candidate,train/angle_mae_deg,2050,0.11656853675842285
candidate,train/angle_mae_deg,2100,0.12601714134216307
candidate,train/angle_mae_deg,2150,0.06374022006988525
candidate,train/angle_mae_deg,2200,0.09529956817626953
candidate,train/angle_mae_deg,2250,0.06109373092651367
candidate,train/angle_mae_deg,2300,0.07190287113189697
candidate,train/angle_mae_deg,2350,0.06120814800262451
candidate,train/angle_mae_deg,2400,0.0665363883972168
candidate,train/angle_mae_deg,2450,0.07096216678619385
candidate,train/angle_mae_deg,2500,0.05351504325866699
candidate,train/angle_mae_deg,2550,0.06639838695526123
candidate,train/angle_mae_deg,2600,0.059237189292907715
candidate,train/angle_mae_deg,2650,0.04816540718078613
candidate,train/angle_mae_deg,2700,0.09893753051757813
candidate,train/angle_mae_deg,2750,0.03773320198059082
candidate,train/angle_mae_deg,2800,0.04735147953033447
candidate,train/angle_mae_deg,2850,0.05598884582519531
candidate,train/angle_mae_deg,2900,0.04894921779632568
candidate,train/angle_mae_deg,2950,0.048860092163085934
candidate,train/angle_mae_deg,3000,0.03250689268112183
candidate,train/angle_mae_deg,3050,0.03606634140014649
candidate,train/angle_mae_deg,3100,0.05595239639282226
candidate,train/angle_mae_deg,3150,0.07276414394378662
candidate,train/angle_mae_deg,3200,0.04674583911895752
candidate,train/angle_mae_deg,3250,0.03679196834564209
candidate,train/angle_mae_deg,3300,0.042473793029785156
candidate,train/angle_mae_deg,3350,0.0318292498588562
candidate,train/angle_mae_deg,3400,0.045260953903198245
candidate,train/angle_mae_deg,3450,0.0341849684715271
candidate,train/angle_mae_deg,3500,0.03085635423660278
candidate,train/angle_mae_deg,3550,0.02682885408401489
candidate,train/angle_mae_deg,3600,0.02378769636154175
candidate,train/angle_mae_deg,3650,0.02396483898162842
candidate,train/angle_mae_deg,3700,0.03018320560455322
candidate,train/angle_mae_deg,3750,0.07802361011505127
candidate,train/angle_mae_deg,3800,0.030458722114562988
candidate,train/angle_mae_deg,3850,0.027720527648925783
candidate,train/angle_mae_deg,3900,0.025624418258666994
candidate,train/angle_mae_deg,3950,0.027663350105285645
candidate,train/angle_mae_deg,4000,0.02682870388031006
candidate,train/angle_mae_deg,4050,0.022950522899627686
candidate,train/angle_mae_deg,4100,0.022106730937957765
candidate,train/angle_mae_deg,4150,0.027183067798614503
candidate,train/angle_mae_deg,4200,0.022527539730072023
candidate,train/angle_mae_deg,4250,0.023696966171264648
candidate,train/angle_mae_deg,4300,0.019584649801254274
candidate,train/angle_mae_deg,4350,0.02037597894668579
candidate,train/angle_mae_deg,4400,0.03909477472305298
candidate,train/angle_mae_deg,4450,0.0236148738861084
candidate,train/angle_mae_deg,4500,0.027939887046813966
candidate,train/angle_mae_deg,4550,0.07185543537139892
candidate,train/angle_mae_deg,4600,0.02318054437637329
candidate,train/angle_mae_deg,4650,0.020367467403411867
candidate,train/angle_mae_deg,4700,0.019682718515396116
candidate,train/angle_mae_deg,4750,0.01953589677810669
candidate,train/angle_mae_deg,4800,0.018316658735275267
candidate,train/angle_mae_deg,4850,0.01910501003265381
candidate,train/angle_mae_deg,4900,0.03012930154800415
candidate,train/angle_mae_deg,4950,0.019656332731246947
candidate,train/angle_mae_deg,5000,0.018967599868774415
candidate,train/angle_mae_deg,5050,0.021864099502563475
candidate,train/angle_mae_deg,5100,0.019570472240447997
candidate,train/angle_mae_deg,5150,0.0199582839012146
candidate,train/angle_mae_deg,5200,0.021472668647766112
