model,seed,total_steps,samples,mae_deg,median_deg,p95_deg,p99_deg,max_deg,above_0_1,parameters,best_step,inference_batch1_median_ms
plain,42,15600,15000,0.032679116227405096,0.015599298290908337,0.10914544016122818,0.27836862206459045,2.7021515369415283,868,27821666,15600,10.892199992667884
spatial,42,5200,15000,0.07407137183291303,0.04076343774795532,0.2238338142633438,0.5006742477416992,60.36343002319336,2800,30989666,5200,11.005550011759624
refinement,42,10400,15000,0.009963696444364307,0.002588641829788685,0.018062030896544456,0.04759520664811134,60.145484924316406,51,33659747,5200,12.918399967020378
continuation,42,15600,15000,0.009158913112965836,0.0021655969321727753,0.015452833846211433,0.04132343828678131,60.44482421875,39,33659747,5200,12.72935001179576
polar,42,15600,15000,0.001880188357109834,0.0008042547851800919,0.006602573208510876,0.016773853451013565,0.42558205127716064,6,34033768,5200,14.152449992252514
plain,43,15600,15000,0.0324585521299482,0.016041286289691925,0.10662759095430374,0.2555699646472931,4.141962051391602,839,27821666,15600,11.120849987491965
spatial,43,5200,15000,0.0718792730895124,0.04214271157979965,0.22644762694835663,0.5124214887619019,5.2939066886901855,2795,30989666,5200,11.620899982517585
refinement,43,10400,15000,0.005992937051563774,0.0022768008057028055,0.017009733244776726,0.046711746603250504,3.392587184906006,48,33659747,5200,13.870650000171736
continuation,43,15600,15000,0.005435217601342108,0.0021248292177915573,0.016096407547593117,0.04232754185795784,3.282609462738037,39,33659747,5200,13.806900009512901
polar,43,15600,15000,0.001997016023872457,0.0008042547851800919,0.006695292890071869,0.01810258999466896,1.051895022392273,8,34033768,5200,14.914100000169128
